Î»,T,Reflectance
250,0.0036909698695000003,0.16283894644358501
251,0.0014452736638499999,0.16653160822682334
252,0.006395304949,0.1812743127905536
253,0.007254966499000001,0.18769338890794132
254,0.0083638229965,0.1901848934666455
255,0.00255277074875,0.1997841458428763
256,0.0063147339224999995,0.2073511200497112
257,0.0055127841235,0.211593869392564
258,0.002966184169,0.2083349431243468
259,0.0041885942225,0.20877240189929977
260,0.003124237508,0.20855779624188323
261,0.0067680364845,0.2034958095260407
262,0.0056842088695,0.1941717692314421
263,0.0044685044885,0.18005762420992263
264,0.0021961945296500003,0.17749262769948068
265,0.00548775658,0.15889380189873667
266,0.0027197150885,0.14262120211858087
267,0.0054380981625,0.11760054539315566
268,0.0028624174,0.11087354856707529
269,0.0042039392889999996,0.09310095560041289
270,0.0013264754785,0.08531911847456022
271,0.00084599155915,0.08728943481830691
272,0.0057560992985000005,0.1058472058120759
273,0.008824283629,0.12196412097044369
274,0.004193887096150001,0.13876858821354981
275,0.0094437004605,0.1636776010882892
276,0.004107476622000001,0.17537621728010477
277,0.007028658092,0.2037184545075109
278,0.012403173449,0.23404883789715478
279,0.0019259375333,0.24546706898648427
280,0.015265029370499998,0.28606995264292306
281,0.009960788784500001,0.3188377322719984
282,0.0197383102755,0.34886183936537274
283,0.03050524056,0.3576330599151947
284,0.042725976704999995,0.3764518665460221
285,0.034835273024999995,0.36161667572609923
286,0.037553455235,0.3481872844301998
287,0.049830241204999993,0.33782045808458067
288,0.056477279665,0.32163100526167676
289,0.06325166581,0.3222182745379511
290,0.05054088831,0.3210570487056464
291,0.05678627908,0.34486762840544044
292,0.068807164415,0.3920108489013356
293,0.057560464145000004,0.42125474152801856
294,0.06743206682,0.4618719541407977
295,0.068053164475,0.4859673448170042
296,0.06497317435,0.5223386637045233
297,0.059686353195,0.5612020947218825
298,0.06408232332,0.5990217205346117
299,0.0543811875795,0.6361727190214052
300,0.074160747505,0.6717967223341
301,0.06069865403000001,0.6944430501272018
302,0.05265084981999999,0.7041979039208612
303,0.0611050065155,0.7268388569881762
304,0.068420980555,0.7381279097306626
305,0.061179513055,0.7661610619905221
306,0.07949849487999999,0.7887655697608587
307,0.061550428564,0.804434068662299
308,0.070514836295,0.8210378255491421
309,0.074405970585,0.8141436846182027
310,0.08304681779499999,0.7984549971827184
311,0.08828314421,0.7795923330577099
312,0.12669263122,0.755600041541167
313,0.13972521542500002,0.7205610010334469
314,0.18274511815,0.7147006897275583
315,0.175798864355,0.7030192363666036
316,0.198999609965,0.7058069738469568
317,0.203851096645,0.7073203558037338
318,0.200852396485,0.7131332220941675
319,0.2073266411,0.720948274368385
320,0.19735597253,0.7569121765618942
321,0.16113866448,0.7950937116903833
322,0.13015402914000002,0.8373158311885649
323,0.09893072307499999,0.8697894901766168
324,0.07730610547,0.8964462045168375
325,0.065564913155,0.9219200469612477
326,0.053073647787,0.9286455132099474
327,0.053784492615,0.9407247010206519
328,0.038847611471499996,0.9545580969410671
329,0.0327117367065,0.9535462691368523
330,0.018517962842,0.9742103313796286
331,0.014911184905,0.979992318692359
332,0.01576583743,0.9817890456143337
333,0.004088020772,0.9894554330696169
334,0.005931067765,0.990181124629216
335,0.0037175020203500005,0.9851624733893751
336,0.004796546548499999,0.983815591643361
337,0.006481511592,0.9887730568642499
338,0.0074873240275,0.9883972500692237
339,0.00621751893533,0.9850967405324289
340,0.009230239613199999,0.9902116276512054
341,0.00703078582805,0.9859400281353404
342,0.010561859905,0.9845880188491809
343,0.005196734965,0.9905413959610045
344,0.0059850684555,0.9929372963552154
345,0.006738741844500001,0.9956466724357199
346,0.002525629103,0.9966618845614209
347,0.0040995420515,0.9917967720195829
348,0.00447041139,0.9971596573547771
349,0.004582632929,0.9956690602030249
350,0.0087079700835,0.9911701597217646
351,0.005359126702,0.9921379092009324
352,0.0047182936225,0.9868650158628103
353,0.0053921511014,0.9919648237906972
354,0.0057382930424,0.9857065480846131
355,0.005347172469,0.9879502051764105
356,0.0038854713740000004,0.9872637369025071
357,0.0025880666075000004,0.9924648566661719
358,0.0021377283103,0.9928432506775647
359,0.0018471015059000001,0.9934924617761601
360,0.0040726701914999995,0.9905108882620887
361,0.00051477819685,0.9938786846644416
362,0.0037254901603,0.9938180807036474
363,0.0035350833835,0.9936854992524035
364,0.00346439451,0.9932807825601209
365,0.0024189072892,0.9960663900560814
366,0.0035742995517,0.9900739584571341
367,0.0025703369823999998,0.9908114520572019
368,0.0035180568695,0.9884107789567852
369,0.0034846317765,0.9885525382471332
370,0.0007104791515,0.987194525727194
371,0.00118207423005,0.9862028906107473
372,0.00029479575340000003,0.9849556220941192
373,0.0026266070456500003,0.9816673541695908
374,0.005071002543000001,0.981537871053268
375,0.0011819526181500002,0.9802331096431385
376,0.003845911026,0.9781615996464115
377,0.0010409597309,0.9768492333608285
378,0.0005346541758999999,0.9795313758241201
379,0.0014227686825,0.9804764675816083
380,0.0006107368879,0.9799182121039078
381,0.0021316254140000004,0.9843345785323288
382,0.000637990487505,0.9867159308776532
383,0.002964967862,0.9856974384281866
384,0.0008264128119,0.9890257961167979
385,0.0031157414615,0.9893791478550173
386,0.00140451695785,0.9892656766691011
387,0.002421715185,0.9889823670514614
388,0.0021527740735,0.9884478914129198
389,0.0037903612105,0.9853430843985662
390,0.00446436125805,0.9833106789815702
391,0.005633275916749999,0.9799687254287832
392,0.0070808575498,0.9779090939791364
393,0.0079943471384,0.9742789539722924
394,0.0101875073485,0.9743543088755431
395,0.009452348684500001,0.9748561289441614
396,0.008416673429799999,0.9752650104215074
397,0.008462769689499999,0.9750494043160333
398,0.0085376676935,0.9752879918851138
399,0.0060422864555,0.9741994428819112
400,0.0063485944269999995,0.9748633026168133
401,0.0056118226055,0.9771601010527781
402,0.0062808692455,0.9812963362330671
403,0.00502249226,0.9838315600906502
404,0.0043203049155,0.9862606913483194
405,0.0051566076274999996,0.9868925024278815
406,0.0051815238595,0.9884161696261189
407,0.0060791423925,0.9870892332463191
408,0.00606602353336,0.9867697238170747
409,0.0091178769635,0.9855307905191839
410,0.010101787206299999,0.9829284414132035
411,0.013081667704800001,0.9798884570968
412,0.01836723930995,0.9750032696766903
413,0.027038685606499996,0.966913224669816
414,0.0395260967335,0.9543146565337624
415,0.05797902077900001,0.9339404334571075
416,0.0852835999525,0.9063754172764591
417,0.125952813453,0.8653965994202661
418,0.17780401227800002,0.8136295403111642
419,0.23782628594250002,0.7533599446633132
420,0.301506018034,0.689394168771052
421,0.36086098374,0.6297429901936498
422,0.41094654322499996,0.5799230040199975
423,0.44829519631,0.544404336877959
424,0.47407658099000005,0.518771444209481
425,0.49510771749499993,0.4980439545848963
426,0.52116701605,0.472983765404348
427,0.5577106094,0.4354103460335338
428,0.60983223915,0.38324202114444605
429,0.6767258644,0.3174320105316888
430,0.7455871582,0.24764899552046493
431,0.8094330597000001,0.18332474623935668
432,0.8622988892000001,0.13089452152128847
433,0.9017744827,0.09335608271379274
434,0.9261933517500001,0.06777961695021696
435,0.9415805817,0.05265688002370889
436,0.9510654449500001,0.04322140482355313
437,0.9575090789999998,0.03762360633093073
438,0.961096344,0.03432929705729727
439,0.9619768524,0.033108180996293986
440,0.96126903535,0.03421919302426416
441,0.9588784027,0.03590004597666567
442,0.9561198425,0.038809914862953036
443,0.9535187912,0.04225298824683537
444,0.95230091095,0.043257051220188095
445,0.9528750228999999,0.04261116932620215
446,0.9536531448,0.04147206305215418
447,0.9564834213500001,0.039020394317820034
448,0.95973926545,0.03547047775487763
449,0.96325328825,0.03265431544253145
450,0.96688049315,0.02877621367866091
451,0.9698637008500001,0.026049062209696494
452,0.9713707733499999,0.02395283026178211
453,0.9727737426999999,0.02329080880115825
454,0.9733924103,0.022474876820987272
455,0.97318416595,0.023001019163796935
456,0.97286872865,0.02276759801535265
457,0.9730907822,0.024088023942810833
458,0.9721374511499999,0.023829484874715718
459,0.9724343109,0.023757987281730068
460,0.9720384597999999,0.023734033338585037
461,0.9728448105000002,0.023097781967778182
462,0.97316898345,0.022871926845617906
463,0.97348575595,0.022841880303152484
464,0.9734571457,0.02262684918984878
465,0.9732746505500001,0.02236030726833923
466,0.9729271316500001,0.023585127121182284
467,0.9722578812,0.024341450568719617
468,0.9714883041,0.024979195971902082
469,0.9709071349999999,0.02612845103421809
470,0.97000541685,0.026340578010504788
471,0.9696228790500001,0.02743527039380903
472,0.9689155196999999,0.027521637804468053
473,0.9692980957,0.02741513998591298
474,0.9696403503,0.02664866630105559
475,0.97017803195,0.026382952683219843
476,0.9714323043499999,0.025111316924801994
477,0.9727649689000001,0.0239240448717541
478,0.9740488434,0.022601750032388374
479,0.9750471114999999,0.021617689165604505
480,0.9763584137000001,0.02040632879961013
481,0.97672496795,0.019354452182928073
482,0.9779202270499999,0.019235945899306172
483,0.97796871185,0.019194209278668883
484,0.97735939025,0.01958054464636401
485,0.97675712585,0.020347929620623022
486,0.9756644821,0.021069070171946945
487,0.9745310211500001,0.022180840205836806
488,0.9734642410000001,0.02361319315744402
489,0.9725500106999999,0.024880556852627488
490,0.97140132905,0.02523924696102745
491,0.9711787796,0.02638405592913819
492,0.9709923553500001,0.026697724737968113
493,0.9707036209000001,0.02650395110796297
494,0.97124176025,0.026277545051588178
495,0.971555748,0.02557819404773749
496,0.97252388,0.024791466130617466
497,0.9737825394,0.02391972128855543
498,0.9747557068,0.022414939990437394
499,0.9759693527000001,0.021183264371638755
500,0.9772134399500001,0.02022513342071259
501,0.9780075836000001,0.01937121264189834
502,0.9785837173499999,0.018432781379891405
503,0.9791764068500001,0.018036149175740028
504,0.979102478,0.018203395328999634
505,0.9793688965000001,0.017921488066648675
506,0.9789933014000001,0.018446701597714412
507,0.9783913040000001,0.01901160423571599
508,0.97757148745,0.019658641031553365
509,0.9768988036999999,0.020422432631655586
510,0.9761142731000001,0.021479346795151358
511,0.975479393,0.021777850300359322
512,0.97473117825,0.022232665649892763
513,0.9745277404500001,0.022904299737519746
514,0.9741090393499999,0.02341495966651048
515,0.9743218231,0.023000037432904998
516,0.9746962738,0.022997096989866062
517,0.9750920868,0.022429813249442557
518,0.97589191435,0.021749740008043687
519,0.9766476059,0.021007902674365433
520,0.9773003006000001,0.020438489072062013
521,0.9778783035,0.019645860112745165
522,0.9787046051,0.019093018223622384
523,0.97904190065,0.018251244459462374
524,0.9799455261500001,0.018072195037532
525,0.9798961258,0.017891324753509345
526,0.9798135375999999,0.017945982716062004
527,0.9794206618999999,0.0181232944453609
528,0.97884552,0.01879388866982061
529,0.9782110595500001,0.01956513259436631
530,0.97711494445,0.020430594325800487
531,0.97622638705,0.021614514400053634
532,0.9747814560000001,0.022474771688436822
533,0.9738288498,0.023764124937525808
534,0.97267734525,0.024822469906833167
535,0.971436348,0.0260385739746084
536,0.97072250365,0.026843642010704712
537,0.97008846285,0.027777227809331298
538,0.9696213913,0.02822302910570358
539,0.9691814041000001,0.02871498737853693
540,0.96900493625,0.028833093411666077
541,0.9689206314000001,0.02865650850004563
542,0.9694079971499999,0.028150441783953026
543,0.9698084259,0.027794899251593473
544,0.97025798795,0.027246829958460728
545,0.9709275436499999,0.026809185835090052
546,0.9717646027000001,0.026040902933997353
547,0.9725103378500001,0.025691125493900305
548,0.97296310425,0.02502390334638493
549,0.9734729766999999,0.02431516569343396
550,0.97400173185,0.02370532076400697
551,0.9743559265,0.02354020913682191
552,0.97443908695,0.023315211937811074
553,0.9744901657,0.02331654644419701
554,0.97417331695,0.024109781456175875
555,0.9736388779,0.0242283564972791
556,0.9731597519,0.02482981830597135
557,0.9725884246500001,0.0253449805048751
558,0.9717622375499999,0.026063988074279277
559,0.9709333419499999,0.02682087258554776
560,0.9699331283500001,0.02769537908575373
561,0.9696401596000002,0.02854609484730595
562,0.9686735916000001,0.029312588004706236
563,0.9680901718,0.029659394907605753
564,0.9679063034000001,0.030060242322357822
565,0.9674248886500001,0.030314334220630818
566,0.96719444275,0.03046103425596963
567,0.9672884368999999,0.030376962357012153
568,0.9676038742,0.030348809195654677
569,0.9681011963,0.03003203112634343
570,0.9686424255,0.029175325146215726
571,0.9695441818,0.028572976571882524
572,0.97019493105,0.02759276494021009
573,0.97096160885,0.026991550476828864
574,0.9720059967,0.025498355267394454
575,0.9729275513000001,0.02472625235493899
576,0.9738209534000001,0.023740683318184085
577,0.9750596236999999,0.022763155927360727
578,0.97579677585,0.022126898503144473
579,0.97637355805,0.021105641858051007
580,0.97722373965,0.02091051002573249
581,0.9774857330000001,0.020350927240344353
582,0.97749565125,0.02014962547667287
583,0.9775670623499999,0.020298441128869967
584,0.9774073409999999,0.02033237660052142
585,0.9769247818,0.020783276382098332
586,0.9766303252999999,0.02125137158590789
587,0.9759936904500001,0.021925932227184225
588,0.9751701355,0.022848921734271378
589,0.9740634155500001,0.023361381780175196
590,0.9734566879,0.024416705295946185
591,0.9725307846,0.025467827314844073
592,0.9716464995999999,0.026271952821707068
593,0.9707245635999999,0.027152321230239283
594,0.9700766372999999,0.027755113833877597
595,0.9694641876500001,0.028475768654896174
596,0.96885334015,0.028861446547183808
597,0.9686485672,0.029342762053776224
598,0.9682985687500001,0.02964222749864642
599,0.9683377457,0.029513023914976663
600,0.9684059906,0.029523318451114854
601,0.96892440795,0.029033625653809916
602,0.9695552062999999,0.02850221295585552
603,0.9701537704500001,0.02783456653791464
604,0.97098529815,0.027091117149766336
605,0.9720106124500001,0.02600014090563578
606,0.9730083084000001,0.024820352866105934
607,0.9744258499,0.02364560623882639
608,0.9755909729,0.022483389488562905
609,0.9766480254999999,0.021097704856618625
610,0.9781720352,0.019827275001409427
611,0.9793162155,0.018603214756916574
612,0.9803551102,0.017550712944546343
613,0.9816151809499999,0.016168320641950618
614,0.9825596999999999,0.015727853506263142
615,0.9830771637000001,0.01479563545922088
616,0.9836587143,0.014327246456432572
617,0.9840731429999999,0.013808013003921931
618,0.9844149779999999,0.01374105424103699
619,0.98458999635,0.013235687030781613
620,0.9846196746999999,0.01365297216530961
621,0.98424827575,0.013854513249170464
622,0.9836843109,0.014315153868537394
623,0.98338897705,0.014746055961832576
624,0.9824591064,0.015375624398312096
625,0.9818719101000001,0.01605865593782346
626,0.98111946105,0.0170983212934033
627,0.9801145553500001,0.017942893285876393
628,0.97924633025,0.0187545979221138
629,0.97837810515,0.01955650667853476
630,0.9774967575,0.02033485660717125
631,0.97671035765,0.021299172892254727
632,0.97576324465,0.021628117201264434
633,0.975598259,0.022420957095824954
634,0.9749353408499999,0.022901828886691775
635,0.974466362,0.023615098223283247
636,0.9741833877499999,0.023752136060847643
637,0.9740337371999999,0.024031140497557345
638,0.97403907775,0.02390895145203096
639,0.9739204788000001,0.02377474287796127
640,0.97410713195,0.023959496566318076
641,0.9743746948,0.023445765224020167
642,0.97509346005,0.0230118225931554
643,0.97531951905,0.02284585926781449
644,0.9759904861500001,0.021900565267708196
645,0.9765788650499999,0.021610490162689882
646,0.9771342086999999,0.020800885701175605
647,0.9778877639999999,0.02017231352564725
648,0.9784918976,0.019459945461618434
649,0.97916301725,0.01886818605659124
650,0.9798170852499999,0.018338480640050305
651,0.9801612090999999,0.017554029214175742
652,0.9806097412,0.01743854874393956
653,0.9810676574499999,0.016991122826542037
654,0.9810187912,0.01657874032870036
655,0.9813125228499999,0.016558768280661253
656,0.98122348785,0.016276834100147807
657,0.9815187073,0.01668649630885454
658,0.98093883515,0.01677111170219125
659,0.9807780075,0.017067305889482097
660,0.9806518936,0.017718477631727465
661,0.9797018432499999,0.01825780585552671
662,0.9790776825,0.018600601519127263
663,0.9785055923499999,0.01932421731211005
664,0.97768131255,0.02008571907013951
665,0.9766397476500001,0.020971605124078772
666,0.97610481265,0.02183626278033341
667,0.9750445175,0.02293066115877483
668,0.97431346895,0.0237378765785573
669,0.9734250259000001,0.024719299602833283
670,0.9724777984499999,0.025320720564771686
671,0.97168403625,0.026255571730201415
672,0.9709327698,0.026944141027280398
673,0.9701689147499999,0.02775849634726892
674,0.9696035003500001,0.02832990246179821
675,0.9690317917,0.028945835460687165
676,0.96861522675,0.029300396816228255
677,0.9681148147499999,0.02964820432859486
678,0.9680721283,0.02981056114898247
679,0.9677279663,0.029967959441634592
680,0.9676117325,0.029966703093008924
681,0.96783683775,0.03009850896228892
682,0.96808734895,0.02985731155054656
683,0.9683006667999998,0.029532620593400432
684,0.9690343093999999,0.029131417586636316
685,0.9692385863999999,0.028453018981274267
686,0.9698840332,0.027721753396298315
687,0.9703956603999999,0.02748654625971533
688,0.9712752533,0.026555944663088315
689,0.9719344711,0.025948524513354262
690,0.9728123474,0.02515943513345268
691,0.97350326535,0.024569323414884936
692,0.974243927,0.02383938349606366
693,0.9748421097000001,0.023365657311264963
694,0.9756314467999999,0.022509626728192293
695,0.97619850155,0.021292167388338265
696,0.97706546785,0.02113315315365283
697,0.97744781495,0.02051576865563671
698,0.9778657913000001,0.01995120757850608
699,0.9783049011,0.01954526328830474
700,0.97880882265,0.019131302877174145
701,0.9790711593500001,0.01904605016777849
702,0.97899856565,0.01861746572561323
703,0.97898380275,0.01868837185345096
704,0.9788654709,0.018707097595955506
705,0.9790275955,0.018559592074658262
706,0.97881259915,0.01879441270439111
707,0.9784664535500001,0.018989905410916445
708,0.9780181503500001,0.019456883158339485
709,0.97758754735,0.01985706459493212
710,0.9773188782,0.020488929292152572
711,0.9769333267,0.020945837574479667
712,0.9762299346500001,0.0213033319338626
713,0.9759654999,0.022196599590610246
714,0.975165329,0.02264894784636904
715,0.97474880215,0.02306019584092139
716,0.9740492629999999,0.023825923438282666
717,0.9736634064,0.024732987016475357
718,0.9728164673,0.024891885710385062
719,0.97249759675,0.025339840488528186
720,0.9717469787499999,0.02600018332569853
721,0.9722268677,0.026004263643686923
722,0.9714780426,0.026535253672559447
723,0.9711964035,0.027129108349461334
724,0.97131126405,0.02691472860215287
725,0.9704878235000001,0.026923925005476145
726,0.9711220169000001,0.0269803686546337
727,0.9710404205500001,0.026903307032154565
728,0.9708942032,0.027043020230118894
729,0.9710395049999999,0.02719033646232438
730,0.9711825943,0.026853772691812994
731,0.97114902495,0.02595882998086877
732,0.9713962173499999,0.025049433248325724
733,0.97253276825,0.025370067187751658
734,0.9733507919000001,0.024761412383569072
735,0.97322769165,0.024384245589866415
736,0.9742017745999999,0.023763379071561896
737,0.97495487215,0.022746999349193067
738,0.9750645446999999,0.022805341363532503
739,0.97607242585,0.02203950162644694
740,0.9766080855999999,0.021832653342685106
741,0.97716018675,0.020659712994417146
742,0.9782188034000001,0.019819533611483656
743,0.9783478164499999,0.019210802382757894
744,0.97908885955,0.018561787386939168
745,0.9804673004,0.018449443830267972
746,0.9806256103500001,0.017059355423779093
747,0.98065567015,0.017002643940453265
748,0.9817169571,0.01640454761907285
749,0.9821608352499999,0.015644898594234628
750,0.9824554825,0.01546889221083886
751,0.9827002335,0.014995413903757875
752,0.9827872085499999,0.015248977335607199
753,0.9828742599500001,0.014958734557635488
754,0.9832632065,0.014804052516533082
755,0.9832314682000001,0.014686010295659451
756,0.9828656768499999,0.014796358988292187
757,0.98289943695,0.015311981963365013
758,0.9828141403,0.014992184027086488
759,0.98222263335,0.015101254456594479
760,0.9820933532999999,0.015567604735938314
761,0.9816368103499999,0.01587966207197272
762,0.9816749190999999,0.016591108093881
763,0.9813154602,0.016443336021476004
764,0.98096088405,0.017620388356011284
765,0.98027412415,0.017175250668291002
766,0.9799273300500001,0.017950925372206782
767,0.97946144105,0.01822380241308197
768,0.9790615844999999,0.019461149998610962
769,0.9783119583000002,0.019540290968628284
770,0.9779148101999999,0.019893535093174968
771,0.97748207095,0.02039834510015832
772,0.9773419189500001,0.020496271099454927
773,0.9768209076,0.021209646456456826
774,0.97612270355,0.021693710360345942
775,0.9762505722,0.02127457374232963
776,0.9763308334000002,0.02192959756086797
777,0.97600917815,0.0218931651868564
778,0.9759358596500001,0.02173269439708625
779,0.9755835723999999,0.021809951863434103
780,0.97586231235,0.021884950374646696
781,0.9759662628,0.021699171304390204
782,0.9762555313,0.021919384265482032
783,0.9761868667499999,0.021788283262904176
784,0.9764699554499999,0.021504647992958016
785,0.9763654327500001,0.021240361068032048
786,0.97672168735,0.021012171569262997
787,0.97712265015,0.02030570777448992
788,0.97762031555,0.020433972702664786
789,0.9778972626000001,0.020240255841446224
790,0.9777842331,0.019950642629828187
791,0.9783289718500001,0.019521234616664898
792,0.97882568355,0.019051586457408835
793,0.9789031600999999,0.018730248586205485
794,0.9793198394999999,0.018861936193740866
795,0.9794662857,0.01790986704726565
796,0.98008197785,0.01812035481093653
797,0.9803174591,0.018070230999676817
798,0.9800434112499999,0.018060073403631235
799,0.9796055602999999,0.018095988042850092
800,0.9793994522,0.01849098890099276
801,0.9789303207500001,0.018160338808415007
802,0.9789642334000002,0.0182555892597507
803,0.9783536148,0.01966947691934035
804,0.97835670475,0.01983063003240915
805,0.9770905685,0.0203944626841245
806,0.9761101913499999,0.021794011736086222
807,0.9751086044499999,0.022426602842191147
808,0.973755188,0.023274984219336114
809,0.972326889,0.024715898439278138
810,0.9711347961,0.02706474859480422
811,0.9697611236500001,0.02809341055350432
812,0.9678968811,0.02993919389240961
813,0.9658549117999999,0.031918280495701126
814,0.9644469452,0.03409476869591893
815,0.96142494205,0.03591987462261158
816,0.9591172790499999,0.038873449677532236
817,0.9562895202499999,0.04113809002247354
818,0.95383586885,0.043878916437409786
819,0.9508788299500001,0.04644442926187218
820,0.9482884598,0.049479095765206864
821,0.94524448395,0.05246991744573637
822,0.9421707153500001,0.05549822331739092
823,0.9387064742999999,0.05902406753050953
824,0.9355434418,0.06200666577809555
825,0.9321741867500001,0.06557264373992641
826,0.92889305115,0.06889784704616207
827,0.92592056275,0.07205829152807333
828,0.9219384766000001,0.07540021453484941
829,0.9186315155,0.07915459115618306
830,0.91537132265,0.08256401604093505
831,0.9116248703,0.08567074166688102
832,0.9086980819999999,0.08901331725641626
833,0.9053040695500001,0.09243117130579773
834,0.90211826325,0.0953937501348768
835,0.8986896515000001,0.09879354692672854
836,0.8955373764000001,0.1018902164460922
837,0.8927138518999999,0.10481752182094009
838,0.88966293335,0.10756720122041419
839,0.8865410995499999,0.11053575498747767
840,0.88424892425,0.11346624251772879
841,0.8815411377000001,0.11602507291378253
842,0.8790631103499998,0.1187279335263241
843,0.876483078,0.12062209224455714
844,0.87466953275,0.12325483847722211
845,0.8722640991,0.1254431675293188
846,0.87016204835,0.1273548128967711
847,0.8685180664000001,0.12944379144463247
848,0.8666101074,0.1310668526277116
849,0.8648042678499999,0.132635570577771
850,0.86328990935,0.13424068897272545
851,0.86187534335,0.13586334840388087
852,0.8604384612999999,0.1371689002456958
853,0.85946422575,0.13807946434034746
854,0.8582421875,0.13925037296517684
855,0.85721889495,0.14055969154203266
856,0.8564301681500001,0.14115976594122734
857,0.8556658935499999,0.14192266418254496
858,0.8549046326000002,0.14258853054378037
859,0.8543477631,0.14321267996605552
860,0.8539471435499999,0.14381248850123
861,0.85341529845,0.14419308527032662
862,0.8530032729999999,0.14443301200400283
863,0.8529453278,0.14478007080315208
864,0.8525549316499998,0.14496270007515047
865,0.85230121615,0.14530959304311508
866,0.8522041702499998,0.145492459228135
867,0.8518643570000001,0.14552976952898494
868,0.8517693328999999,0.1456623819644503
869,0.8517433929500001,0.1458235578745112
870,0.8514955139,0.14583885763976556
871,0.8515089798,0.14607763348945968
872,0.8513221741000001,0.1461533683275724
873,0.8511251068,0.14638294836753032
874,0.8510218047999999,0.14652196839987355
875,0.8508887482,0.14666463127245608
876,0.8505767822,0.14689058402419528
877,0.8501011276,0.1470714437486781
878,0.8500778198500001,0.1474473697578627
879,0.84944000245,0.14781305036906844
880,0.8490400696,0.14838205150017644
881,0.8485732269499999,0.14883829134489024
882,0.8478665161000001,0.14944946283719404
883,0.8472241210999999,0.15014647014056715
884,0.8465266418499999,0.1509307021535791
885,0.8456105804500001,0.15181238467271324
886,0.8445569229000001,0.1527248776686162
887,0.8436165237500001,0.153878019786252
888,0.8424628067000001,0.15502172613887638
889,0.8411576080500001,0.1562047683685531
890,0.8399616623,0.15744615619508187
891,0.83847740175,0.15879947165107397
892,0.83695648195,0.1604641565788599
893,0.8353143310499999,0.1620122518407608
894,0.83375492095,0.16362151413279025
895,0.83183887485,0.1654467964920358
896,0.83007732395,0.16717878481849865
897,0.8282866669000001,0.1690723750759905
898,0.8261741256499999,0.17109720273226486
899,0.8240501785500001,0.17319482472375167
900,0.82191207885,0.1753549951222756
901,0.8197283554500001,0.17752066830405724
902,0.8175340271,0.17976708054499124
903,0.81532165525,0.1819472003839357
904,0.8129622268500001,0.1842582507307862
905,0.8106412125,0.18663435046341142
906,0.8082488251000001,0.18903375711142054
907,0.805759964,0.19136189989468355
908,0.8034524918,0.19370404890469994
909,0.8009930038499999,0.19608275957886798
910,0.79864551545,0.19838988460618232
911,0.7961251068,0.20085519311386446
912,0.7937164688,0.20329662142677282
913,0.7913806915500001,0.20557565447602863
914,0.7890470504999999,0.20794909438301024
915,0.7867840194499999,0.21022315855037038
916,0.7845579147500001,0.21243945186462476
917,0.7823097992,0.2146672226805422
918,0.7800232315,0.2169016811136715
919,0.7779172515499999,0.21895421194853598
920,0.7759573746000001,0.22102178240251313
921,0.7739747238499999,0.22303769226267448
922,0.77215457915,0.22486548254340843
923,0.77033008575,0.22675636235184143
924,0.7684456252999999,0.22860288954581026
925,0.76657722475,0.23036123055706498
926,0.7649253464,0.2319304957372264
927,0.7634999466,0.2335193438109296
928,0.76194862365,0.23499964205187865
929,0.76043899535,0.23633096905314782
930,0.7591773223999999,0.23775075642446822
931,0.75780780795,0.23899873611345906
932,0.7566656112999999,0.24008889683155235
933,0.7555647278000001,0.24118158798394324
934,0.7544721984999999,0.24214074536126265
935,0.7535272598,0.24300631830890787
936,0.7525546646000001,0.2438194212941183
937,0.7516791916,0.24460095278351215
938,0.7507810592499999,0.24522315911112982
939,0.7501836395500001,0.24578605696200942
940,0.7494435882499999,0.24624016721475905
941,0.7490007782000001,0.24668284728648282
942,0.7485321426499999,0.2470052356350189
943,0.7481303787499999,0.24725889647981858
944,0.7478623199000001,0.24751885692233747
945,0.7477730941999999,0.24766545218756073
946,0.7476329040499999,0.247737131714482
947,0.74766334535,0.24780581729911724
948,0.7477284621999999,0.2477934302143836
949,0.7478823471,0.2477801435611892
950,0.7481575775499999,0.24767065216748466
951,0.7484011459,0.2475111232889638
952,0.74863010405,0.24732669085813502
953,0.74895980835,0.24707589217294154
954,0.74930187225,0.24681471332043994
955,0.7496557998500001,0.24644870259375376
956,0.7500932312,0.24613598319743787
957,0.7504531478500001,0.24573174029958944
958,0.7508877563499999,0.24534746858600756
959,0.75129329685,0.2449843914787632
960,0.7517460251,0.24456870903809824
961,0.7522497176999999,0.2441126468556448
962,0.7527167129500001,0.24369293642127451
963,0.7531145859,0.2432348670813424
964,0.7535520935,0.24282632471289758
965,0.7539884186000001,0.24243236166408733
966,0.7545104980499999,0.2420285393387928
967,0.7549010086,0.24164324700494585
968,0.7552610779,0.241283157785341
969,0.7556644058,0.2409827803582616
970,0.75609043125,0.2406288821376641
971,0.7562639235999999,0.24032198465670074
972,0.7565166091500001,0.24009587314668543
973,0.7567924499500001,0.23986326752832998
974,0.7569341659500001,0.23971077241280725
975,0.7570274352999999,0.2395849539372282
976,0.7571025467,0.2395125271890369
977,0.75708889005,0.23948529780025946
978,0.75705112455,0.23952553472380372
979,0.75694747925,0.2395958917330503
980,0.7568329620500001,0.23973551285942007
981,0.75662166595,0.2399699630597241
982,0.7564094162,0.24019824233760423
983,0.75606578825,0.24050147518873546
984,0.75569263455,0.24088117685690874
985,0.7552327728,0.24133750217663102
986,0.75470581055,0.24184369391744437
987,0.7541815185999999,0.24245168933327574
988,0.7535506820500001,0.24312104850683938
989,0.75283763885,0.24379621101280172
990,0.7520601272499999,0.2445649800309796
991,0.7513212203999999,0.24536585715893713
992,0.7504182052999999,0.2462152383325225
993,0.7494667816500001,0.24716613560807532
994,0.7485136794999999,0.24815669551824768
995,0.7474103165,0.24918603358845481
996,0.74633438115,0.25028537837448755
997,0.7452477646,0.2513814938173879
998,0.7440839386,0.2525417678749335
999,0.7428381729,0.253797108496258
1000,0.74158023835,0.2550496013511732
1001,0.7402020264,0.2564190090972297
1002,0.73884292605,0.2577046155191817
1003,0.7374938011500001,0.25907977689021744
1004,0.7361238098000001,0.26052552120961103
1005,0.73478796005,0.26189656398795225
1006,0.7333511734,0.26338921064572035
1007,0.73178720475,0.2648470142386908
1008,0.7303516768999999,0.2663012994035572
1009,0.7288232803,0.26786784422365534
1010,0.7273383713,0.26926858984538604
1011,0.72584152225,0.27080698949274934
1012,0.72439888,0.2723194120022075
1013,0.72278694155,0.27386669661045426
1014,0.72129522325,0.2754285253038825
1015,0.7198020934999999,0.2768975958672458
1016,0.7183170891,0.2783874024517702
1017,0.71685129165,0.27984324137677175
1018,0.7154612350499999,0.2813125558918445
1019,0.7139579773,0.2827746373878447
1020,0.7124378395,0.28424563089226484
1021,0.7111933135999999,0.2856273506582576
1022,0.7096942138500001,0.28697360538756794
1023,0.7083250236499999,0.28834295216117684
1024,0.7071284484499999,0.28963088011233284
1025,0.70575538635,0.29097638237019763
1026,0.7044111061000001,0.2922956906273916
1027,0.70330770495,0.2935085466322515
1028,0.7020211029000001,0.29468287754300326
1029,0.7009241295000002,0.2958543663987797
1030,0.6998017120500001,0.29696077759098904
1031,0.6987615013,0.2980254768725541
1032,0.69757350925,0.29910755352733526
1033,0.696525898,0.30011591159513723
1034,0.6956694412000001,0.3010729467691602
1035,0.6947405243,0.30200114604319006
1036,0.6939091873,0.30284099713899626
1037,0.69307403565,0.3036245965572657
1038,0.6922504425,0.30450751359234374
1039,0.6915062713500001,0.30524479358272744
1040,0.69084753035,0.3058490528083797
1041,0.6901600837499999,0.30653175102295405
1042,0.6894834900000001,0.30711495423894397
1043,0.6889402008000001,0.3076298755763896
1044,0.6883443069499999,0.30820186602701655
1045,0.6878486061,0.3087122869313522
1046,0.68745536805,0.3091072791042291
1047,0.6870147704999999,0.30953521081650437
1048,0.68655145645,0.30985191184414373
1049,0.6862150574,0.3101442967476903
1050,0.6852898407000001,0.30350200072897865
1051,0.68596740725,0.30362542912050466
1052,0.68495424275,0.30385642831653714
1053,0.6845697975,0.30362366156293497
1054,0.6849658393999999,0.30447875882991765
1055,0.6846001053,0.3044421560557449
1056,0.68454170225,0.3045500776372976
1057,0.6845359802000001,0.3045679109887827
1058,0.6847221756,0.3045597202724941
1059,0.68497188565,0.30445389042780596
1060,0.6848362541,0.3042435593195092
1061,0.68498003005,0.30452966440863977
1062,0.6846279907,0.3040340823077047
1063,0.6856263733,0.30430143222367806
1064,0.6854521941999999,0.3045466536938028
1065,0.6852493667999999,0.30450747487275825
1066,0.68474506375,0.3039817969988161
1067,0.6857390975500001,0.30382993666812663
1068,0.68600536345,0.3035399366998103
1069,0.6856149292000001,0.30255196441304094
1070,0.6861455536,0.3024868476682802
1071,0.6863563347,0.3017590834316845
1072,0.6866176032999999,0.30276263061280706
1073,0.6869676971500001,0.30256597110936506
1074,0.6873600197,0.30266541891770343
1075,0.6864730263,0.300915318471692
1076,0.68724609375,0.30121063355173555
1077,0.6873469925000001,0.30149244639958317
1078,0.6878558731,0.30122778994273863
1079,0.6880417824,0.3004737013911708
1080,0.6877401161000001,0.30093866972220984
1081,0.6883585548,0.3011975125024011
1082,0.6880577278,0.30056132970279
1083,0.6885012436,0.3001970891995543
1084,0.68897489545,0.30026608987428566
1085,0.68878494265,0.3002114164657562
1086,0.6885426712,0.30007303807739794
1087,0.6886325836,0.29978901085671894
1088,0.6888822555499999,0.29988502524498606
1089,0.68891197205,0.3003252759776245
1090,0.68839197155,0.3000917192346508
1091,0.6890014266500001,0.2997363249620497
1092,0.6882732009999999,0.3007881329602814
1093,0.6883825874,0.3008040855472957
1094,0.68794013975,0.3007134102405951
1095,0.68805154805,0.30091599627556076
1096,0.6879203605499999,0.3007174014943141
1097,0.6872838974,0.3015048019718506
1098,0.68756750105,0.3013136078577211
1099,0.68651449205,0.3014754541366373
1100,0.6866351891000001,0.30218903855396134
1101,0.68615413665,0.30263730972855746
1102,0.6855962372000001,0.30328591352441914
1103,0.6854781151,0.3042781336597554
1104,0.6845517158500001,0.3038867956123832
1105,0.6843050194,0.30387801026983646
1106,0.6836910057,0.305090264454364
1107,0.6835261345000001,0.3061832609425927
1108,0.6830213928000001,0.3061494435402097
1109,0.6826727295,0.3070866099006102
1110,0.6811344719,0.3075319683177783
1111,0.68065462115,0.3080780567560448
1112,0.68039319995,0.30914303473315174
1113,0.6790678215,0.3095136686523503
1114,0.67879127505,0.310552985367954
1115,0.67795871735,0.31153224648229283
1116,0.67674795155,0.31209324347943074
1117,0.67620853425,0.31297187170366064
1118,0.6751141739,0.3138644609880591
1119,0.6739308929000001,0.3150569435625205
1120,0.67320344925,0.31663834951169123
1121,0.67232925415,0.3163870440493529
1122,0.6714842987,0.3178525634686315
1123,0.67088632585,0.31879903516388475
1124,0.66909147265,0.31956157306045235
1125,0.6683535385499999,0.3207564463340527
1126,0.66797748565,0.32178493372558364
1127,0.66703250885,0.32278094608017965
1128,0.6653609466499999,0.32399662253267325
1129,0.6645792770500001,0.32539256465008515
1130,0.66361169815,0.3256383944789802
1131,0.6623872948,0.3268418636816504
1132,0.6612742805499999,0.32816357554760645
1133,0.66108097075,0.32913830404938893
1134,0.65954610825,0.33006989199541636
1135,0.6584245491,0.3311007341325171
1136,0.65721271515,0.33188247863193576
1137,0.6565900802499999,0.33307095049642044
1138,0.6559363365,0.33401816835178694
1139,0.6550601387,0.3353482904319292
1140,0.6544834137,0.33633371551038416
1141,0.65281887055,0.3368990427128599
1142,0.65166065215,0.3378837900038601
1143,0.6510340691000001,0.338860412152702
1144,0.6503385544,0.34008724857986516
1145,0.6490147781500001,0.3410309677219264
1146,0.6480098533499999,0.3419768651865753
1147,0.6467916298,0.3423804588822856
1148,0.6461943245,0.34312705796791776
1149,0.6462555885500001,0.3446084172085556
1150,0.64544771195,0.3452629746071116
1151,0.6440999603,0.3458230587323723
1152,0.6440552521,0.3466800118176836
1153,0.6430288505499999,0.347467542217162
1154,0.64221961975,0.34800832690303346
1155,0.64204189305,0.3488992466394189
1156,0.6412423896999999,0.3497078448756539
1157,0.6408351516499999,0.35055017699018953
1158,0.63999471665,0.3502085204808874
1159,0.63933813095,0.35120164932932296
1160,0.63887809755,0.3521367829385895
1161,0.6382329369,0.3523964819670175
1162,0.637965107,0.3522601757177954
1163,0.6376866913,0.3532914480268826
1164,0.6370355034,0.3532026402314291
1165,0.6367206192,0.3539127061126316
1166,0.63641025545,0.3544093421295825
1167,0.6361636734,0.35443353088867924
1168,0.63549175265,0.3546661319990145
1169,0.6359229851000001,0.35473237652105033
1170,0.6355644226,0.35495299578259887
1171,0.63562532425,0.3556476825806383
1172,0.635145607,0.35546237740363934
1173,0.635016613,0.35550864033757074
1174,0.63536582945,0.35590944418559917
1175,0.63541423795,0.355812083259355
1176,0.6351425170999999,0.35567925127530714
1177,0.6349641228,0.35534875724655973
1178,0.63477096555,0.35556481372523946
1179,0.63534814835,0.3555017315733021
1180,0.63565011975,0.3551931246182754
1181,0.63561107635,0.354952129996122
1182,0.6356934738,0.35479039518922134
1183,0.6361213302500001,0.3547941040838435
1184,0.636663208,0.35481888585812854
1185,0.6367160034,0.35408741831847806
1186,0.6372568512,0.3540714270640942
1187,0.63758062365,0.35408963626206147
1188,0.6378267288,0.3529524647161663
1189,0.63814811705,0.3532091048659956
1190,0.6388658142,0.3522395702170964
1191,0.63934013365,0.35205379366801476
1192,0.6391591644,0.3511842450704608
1193,0.6403614807,0.35098076680105067
1194,0.6410336112999999,0.3505231606043428
1195,0.6416981125000001,0.35030893230188886
1196,0.6414057350499999,0.3490848484160717
1197,0.6422402954,0.34848536534434055
1198,0.643484478,0.34823103467112915
1199,0.6436890792500001,0.3474795984377058
1200,0.6444989967000001,0.34704479245338343
1201,0.64522159575,0.3457789812135808
1202,0.64565093995,0.3449508635848379
1203,0.6467722320499999,0.34463772301360396
1204,0.6475346183499999,0.3442583343641086
1205,0.6485441589500001,0.342743886662564
1206,0.6487369156,0.34269289548406534
1207,0.6494528579500001,0.34141244966229356
1208,0.6504996109,0.34081881288601484
1209,0.65166345595,0.3398362799949492
1210,0.6520775985999999,0.3390895168933954
1211,0.65330299375,0.3378648878003756
1212,0.6541677665500001,0.3372132202980493
1213,0.6548727035499999,0.3362135589545519
1214,0.6552162552,0.3357194220730695
1215,0.65660305025,0.33500020135759184
1216,0.65726314545,0.3339057880819263
1217,0.6583710861000001,0.33347808963986736
1218,0.65855283735,0.3322022721098877
1219,0.66024276735,0.3313130171094937
1220,0.660696373,0.3305170809829455
1221,0.66197135925,0.3297144763675351
1222,0.6622299576,0.32839041590579016
1223,0.66310974125,0.3281103085583264
1224,0.6645460510000001,0.3271201984680036
1225,0.6650204467999999,0.3260828250694854
1226,0.6659487343000001,0.32530150407192127
1227,0.6666815185999999,0.3246138422452784
1228,0.66762836455,0.32355544634117045
1229,0.6686854744,0.3232737775263933
1230,0.66923978805,0.3218216552099632
1231,0.66983283995,0.32097805212043967
1232,0.6704042625,0.32075508118635815
1233,0.6711958504000001,0.319253816830077
1234,0.6720311737,0.31907138940424895
1235,0.6728101157999999,0.31835223183823025
1236,0.6731213188000001,0.3170100757393325
1237,0.67348918915,0.31640027672709264
1238,0.67398931505,0.31558810968902956
1239,0.6748302459500001,0.31504166433876685
1240,0.6754692077500001,0.31408546698234907
1241,0.6756496810999999,0.3135736958535305
1242,0.67616859435,0.31271707706600793
1243,0.67598487855,0.3120242646576274
1244,0.6767509651,0.3112280537720724
1245,0.6776573181000001,0.3112077012558851
1246,0.6781903648,0.31100574113340335
1247,0.6788950538499999,0.31023681061270636
1248,0.6785976981999999,0.3093764211224414
1249,0.6795531081999999,0.308703085856413
1250,0.6801571273499999,0.30901426366557305
1251,0.68055627825,0.30856576835514327
1252,0.6810611725,0.30840244961110286
1253,0.68146690365,0.3080104987586793
1254,0.6816111755,0.3079668123691124
1255,0.6817508507,0.307588543352579
1256,0.6821184349,0.30758430732272124
1257,0.68272977825,0.30750812836226915
1258,0.6830806731999999,0.30719499720552323
1259,0.6831896591000001,0.30719084771007454
1260,0.6831095314,0.3073117336732835
1261,0.68359035495,0.3073155391742069
1262,0.6833136749,0.30734784351051897
1263,0.68357501985,0.30736516337857817
1264,0.68345510485,0.30735170565110365
1265,0.6841276169,0.30729436394775356
1266,0.6834194565,0.3070755514528857
1267,0.6835462761,0.30772432452855353
1268,0.68377235415,0.30765061518051356
1269,0.68369932175,0.30800878438586154
1270,0.6835202407500001,0.3077340899792689
1271,0.68336395265,0.30842658168252435
1272,0.6834398842,0.30870795067723705
1273,0.68256666185,0.308774175065729
1274,0.68306087495,0.3091209147321638
1275,0.6823907089,0.30957029379384127
1276,0.68208572385,0.3097979858585841
1277,0.6820088386500001,0.3105558513256469
1278,0.6815893554499999,0.31038055980941665
1279,0.68107099535,0.311352168992131
1280,0.6807659340000001,0.3114972029623746
1281,0.6803740692,0.31169215703426295
1282,0.67982910155,0.31245793485180934
1283,0.67947826385,0.31245764509861695
1284,0.67902479175,0.31318947233008915
1285,0.6782772827,0.31381001342119297
1286,0.6780141449,0.3143340865536486
1287,0.6773439598000001,0.31498075660385494
1288,0.67690628055,0.3151454540906932
1289,0.6764538193,0.3158755909920002
1290,0.67600585935,0.3160210928656493
1291,0.6754054641499999,0.3176544997513563
1292,0.67454086305,0.31771429799796364
1293,0.6737830162,0.31810730450459684
1294,0.6733664131,0.3189893975445278
1295,0.67319725035,0.3198034239716374
1296,0.67259082795,0.32061481918864715
1297,0.6722465705499999,0.32084340776765863
1298,0.6708962059,0.32149257187298397
1299,0.67011932375,0.32212617795167886
1300,0.6697863196999999,0.3224681006643459
1301,0.66942491535,0.3234390295661241
1302,0.6685696602,0.3235245162626652
1303,0.6680400276,0.3243268964197948
1304,0.66754068375,0.3251642346500701
1305,0.6666916847000001,0.32578132882892386
1306,0.6658733177499999,0.32650087308722325
1307,0.6655819320499999,0.327263874195872
1308,0.66516159055,0.32794715570125255
1309,0.66437517165,0.3283465627829034
1310,0.66379671095,0.3291147952898224
1311,0.66309547425,0.32980961551259824
1312,0.66272487645,0.3302918655999523
1313,0.6621028328,0.3306310524241746
1314,0.6613233948,0.33136841280453716
1315,0.6606432914999999,0.3318764955195806
1316,0.6600959396499999,0.3322080356075338
1317,0.6596137237499999,0.3327419070369587
1318,0.6590739059499999,0.3336528864251973
1319,0.6586768913500001,0.3340015222415657
1320,0.6582941246,0.33450537195006447
1321,0.65786577225,0.334972419950313
1322,0.6571261024499999,0.33536225003449227
1323,0.6564434051500001,0.3357533049774693
1324,0.6563446426499999,0.33651039050034853
1325,0.6556038284,0.33686092442098586
1326,0.6550080681,0.3372881116320673
1327,0.654741745,0.33781068328495856
1328,0.6546278763,0.3376173426278028
1329,0.6537729263500001,0.33816754350949396
1330,0.65324731825,0.3384762849445368
1331,0.65305360795,0.3385984775665385
1332,0.6522110176,0.33866238966289486
1333,0.6522897148,0.3392793455579287
1334,0.65159446715,0.33924369837391566
1335,0.65153778075,0.3397134795342926
1336,0.6518273926,0.340066549802204
1337,0.65063640595,0.33967029289348816
1338,0.6508878708,0.34003234181180164
1339,0.65062568665,0.3404087739562186
1340,0.6502948379500001,0.34031246683214644
1341,0.65002479555,0.34001295741256293
1342,0.649610424,0.3402738826834003
1343,0.64961900715,0.340138464225845
1344,0.6495734024,0.34030139257781544
1345,0.64929065705,0.34051602782633045
1346,0.6489969063,0.34035918766753065
1347,0.64916519165,0.34031965582116613
1348,0.6492863655000001,0.339787031669009
1349,0.64938791275,0.3402574769593002
1350,0.6489348602,0.3396056559744989
1351,0.64936164855,0.3397295223797762
1352,0.64922649385,0.3395722484878982
1353,0.6493419266000001,0.3392455301212153
1354,0.64916349415,0.33904365222997557
1355,0.6496007155999999,0.3384882897544521
1356,0.6497404099,0.3384620294440863
1357,0.64969940185,0.3385358387257076
1358,0.650094223,0.33773255769715826
1359,0.6501149368500001,0.33755780439166455
1360,0.6504515457,0.3371836257468205
1361,0.65061374665,0.3364801387951834
1362,0.65097053525,0.33639784563697384
1363,0.65066003795,0.33548386196499086
1364,0.650311985,0.33483911695914076
1365,0.65105606075,0.33408988757815933
1366,0.65132642745,0.33382188823147607
1367,0.6509753227,0.33275903564431664
1368,0.6504847336,0.33188380320928174
1369,0.6498310279999999,0.33108521413312425
1370,0.64884822845,0.3292486139696396
1371,0.64771663665,0.32834544857197967
1372,0.64585496905,0.32656514637747464
1373,0.643546772,0.3243368485435919
1374,0.64151094435,0.323092586434773
1375,0.6386597061,0.32058526252196773
1376,0.635646019,0.31819784986675065
1377,0.63301088335,0.31625672826225876
1378,0.62995939255,0.31424130989301213
1379,0.6276075744499999,0.3120142518623127
1380,0.62607473375,0.31007692219240823
1381,0.62450796125,0.3083393202826686
1382,0.6234522247,0.3070057519552131
1383,0.6241599655000001,0.3058337066804062
1384,0.6249456024,0.30473719503944735
1385,0.62592041015,0.3036760471490078
1386,0.6277381515499999,0.30343733006937645
1387,0.62920681,0.3031799689257363
1388,0.6317349434,0.3027060420964378
1389,0.6341422844,0.3020051362359387
1390,0.63679786685,0.30196431970445625
1391,0.6395096206499999,0.3013042846586377
1392,0.6419589233499999,0.3015482668335769
1393,0.6443128204,0.30081537594225805
1394,0.6478450394,0.3008279191253964
1395,0.6505016326999999,0.3002441269870465
1396,0.653450737,0.2998754145048264
1397,0.6562904358,0.29976832191753056
1398,0.6591774368,0.29910029838446545
1399,0.6614030647,0.29897152999705556
1400,0.66337051395,0.2977995927335034
1401,0.6668602562,0.2978695514542941
1402,0.66900712965,0.2968507953184295
1403,0.6711262893500001,0.2960216627598752
1404,0.673168354,0.29599185417063956
1405,0.67544303895,0.29480816980379426
1406,0.6776136589,0.29434159440152513
1407,0.6798006630000001,0.29287047489092116
1408,0.6820680045999999,0.29212400504131375
1409,0.68366430285,0.2912980425107811
1410,0.6855749320999999,0.2900015092641631
1411,0.6876620102,0.2895557531103994
1412,0.6892508697499999,0.28852845556921586
1413,0.6910488700999999,0.28758357522364364
1414,0.69307611465,0.28677233102059835
1415,0.69464694975,0.28524153686185455
1416,0.6960382461500001,0.28456864697297446
1417,0.697971096,0.28315761729033606
1418,0.6996470833,0.2823937350222907
1419,0.7010142517,0.28155646814652946
1420,0.7028944015499999,0.2796488554247555
1421,0.7043800544500001,0.27840319576114425
1422,0.70631521225,0.27789661249181746
1423,0.70795396805,0.2766244127486428
1424,0.70965747835,0.27561874754315613
1425,0.7105676651,0.27438632123036
1426,0.7125307083,0.2733351315396588
1427,0.7138205147,0.27193393848274805
1428,0.7150972557,0.2710786638435239
1429,0.7165056800499999,0.269686318506318
1430,0.7184234619000001,0.2687364477698764
1431,0.7196856499000001,0.26782519313806374
1432,0.72092947005,0.2660760299015765
1433,0.7224422073,0.26517606338486144
1434,0.72366127015,0.26385659107871545
1435,0.72524995805,0.2628746111130276
1436,0.7264808273500001,0.26151750391085776
1437,0.7278878784,0.26050794393158316
1438,0.72885499955,0.2593938672688315
1439,0.7305199623,0.2584947304924737
1440,0.73184783935,0.2571779504008073
1441,0.7334854126,0.2563264612346173
1442,0.7346821976,0.25506498947984324
1443,0.7355644798500001,0.25432871159556675
1444,0.7370924759,0.2528635989929865
1445,0.738098526,0.25191547439232365
1446,0.7395645523000001,0.2505148528389656
1447,0.7405617714,0.2497646644757175
1448,0.7416235541999999,0.24822483202998546
1449,0.7428261374999999,0.2472866228915075
1450,0.7439188385,0.2464189052888087
1451,0.74473337175,0.24550513575519717
1452,0.7458814049,0.24472782260103515
1453,0.74722753525,0.24394659664762705
1454,0.74830566405,0.2428440195040028
1455,0.7490976715,0.2421692726303081
1456,0.7500451088,0.24066811542453037
1457,0.7514017296,0.24013284758069411
1458,0.7518947983,0.23964104351056395
1459,0.75323896405,0.2385565800557771
1460,0.75396455765,0.2377100381788795
1461,0.75525491715,0.23685659004210435
1462,0.7553151511999999,0.23565098676659893
1463,0.7566558075,0.23526545142223143
1464,0.75726861955,0.2342078915771282
1465,0.75821472165,0.23376070637892568
1466,0.7590283203,0.23316548258390796
1467,0.7598031425499999,0.23252044796831048
1468,0.76023244855,0.23186718429555242
1469,0.7611102866999999,0.23127991521253438
1470,0.7616906357000001,0.23035766327141405
1471,0.7625330925,0.22999733783625192
1472,0.7631814384500001,0.22898629238956555
1473,0.7638082504,0.22908474247420393
1474,0.76379802705,0.2282231256339817
1475,0.7647750854500001,0.22787992904626708
1476,0.7651424407999999,0.22732690600808422
1477,0.7659048271000001,0.22645210543426672
1478,0.7663141440999999,0.22639752339583674
1479,0.7665523910500001,0.2260672395836934
1480,0.7672668838500001,0.22550529849267936
1481,0.7676997756999999,0.22562081823568764
1482,0.76797533035,0.22535616930742336
1483,0.7683882903999999,0.22488354173482306
1484,0.7684028816,0.22412912940855925
1485,0.76899785995,0.22384056259719004
1486,0.76933069225,0.22359340178882228
1487,0.7689757537999999,0.22340139028594122
1488,0.7696823883,0.22294613932107643
1489,0.76973295215,0.22333889812771474
1490,0.7700695419,0.22297092498058363
1491,0.77018886565,0.22281061512503747
1492,0.7704251671,0.22250595815628288
1493,0.77022893905,0.22265019427909485
1494,0.77040779115,0.22227956319022182
1495,0.7705303954999999,0.22216436877505946
1496,0.77081991195,0.22271067885766477
1497,0.7708958435,0.22246341308403073
1498,0.77022233965,0.222504366018252
1499,0.7705658149999999,0.22276507418691477
1500,0.7709513855,0.22247404655808137
1501,0.7708993149,0.22251597757747876
1502,0.770538044,0.22230497641088165
1503,0.7703721046500001,0.22226724771329182
1504,0.77043621065,0.2226373816442199
1505,0.7703885269,0.2226531444450594
1506,0.77006628035,0.2231195884761717
1507,0.76957273485,0.22268091330016782
1508,0.7699932289,0.2234403169238891
1509,0.76970106125,0.2234500825250031
1510,0.7697783469999999,0.2237841114160555
1511,0.7693832779,0.2239073930627873
1512,0.7688999939,0.2243849843971705
1513,0.7686564445499999,0.22452258989172438
1514,0.7690777397499999,0.224528341868077
1515,0.7682116318,0.2246857631637887
1516,0.76807184215,0.22480742441922863
1517,0.76838645935,0.2257320721012175
1518,0.7678959464999999,0.2255788540630884
1519,0.76708286285,0.22539556151267207
1520,0.7672881889,0.22646620248867183
1521,0.76720417025,0.22680716898184614
1522,0.7664345740999999,0.2270977294590278
1523,0.7662140274000001,0.22778949449057082
1524,0.7655658531,0.22750794994323173
1525,0.7655128670000001,0.22770285640278254
1526,0.76519433975,0.22867189173196137
1527,0.7647810363499999,0.22849704664446677
1528,0.7646854019,0.22898567787629232
1529,0.76448451995,0.22954725880789045
1530,0.76376096725,0.22979347670208694
1531,0.76349739075,0.22975907126007994
1532,0.76329278945,0.23087050269622938
1533,0.76289329525,0.23125598500387262
1534,0.7622558022,0.2313162829992691
1535,0.7620916748,0.23180096957663202
1536,0.76129049305,0.23177727828026612
1537,0.7612824249000001,0.2325573268095541
1538,0.7604245376500001,0.232807085616632
1539,0.7605777359000001,0.23345507976061317
1540,0.7604275894,0.23372274979393978
1541,0.7597342872499999,0.23401650573801136
1542,0.7593148422,0.2345609395931616
1543,0.7591287613,0.23446684073207677
1544,0.7587074470499999,0.23507275337513187
1545,0.7584349441500001,0.23560913855625634
1546,0.75799077985,0.2356452621144728
1547,0.75750597,0.2362912840577576
1548,0.7578296471,0.236801694808715
1549,0.7565968895,0.23707414747434805
1550,0.7562438011,0.23739483477299111
1551,0.7561569786000001,0.2377945549920699
1552,0.7560517502,0.23810360683476162
1553,0.7557136345000001,0.23828547623418112
1554,0.75504428865,0.23845092947568644
1555,0.75515104295,0.23913315924386452
1556,0.75460832595,0.2387129944778829
1557,0.7544786071999999,0.23980059055551417
1558,0.75429618835,0.23981818129946006
1559,0.7538024329999999,0.24035886651613628
1560,0.7535884857499999,0.24033529117299404
1561,0.75338569645,0.2411490592049362
1562,0.7528357887,0.24094115526490525
1563,0.75305501935,0.24131008443822105
1564,0.7523107147500001,0.24196187012706047
1565,0.7523415184,0.24159954675295053
1566,0.7521037102,0.24182679041513086
1567,0.7523475074999999,0.24228634412305197
1568,0.7514380455,0.2423877911847091
1569,0.7514971542500001,0.24293282761923343
1570,0.7513209534,0.2432305554951877
1571,0.75100400925,0.24291584754530365
1572,0.7505866050500001,0.24278322072086614
1573,0.7511312675499999,0.2440006340495258
1574,0.7506092262,0.2432705918602095
1575,0.7508051872499999,0.24345171978387295
1576,0.7506760406499999,0.24338580724782694
1577,0.7500336075,0.2434890574002451
1578,0.75050994875,0.24414639203557548
1579,0.7498535728499999,0.24362368412662022
1580,0.7503194809,0.24470421247459342
1581,0.7500562286499999,0.24398162632177797
1582,0.7502697754,0.24447218496897502
1583,0.7499961852999999,0.2438803125636414
1584,0.74955787655,0.24399492549609597
1585,0.750136776,0.24446473083523856
1586,0.7497995949,0.24478755635694796
1587,0.75016859055,0.24453596667651897
1588,0.7502998543,0.2448138362473299
1589,0.74997974395,0.24415501459223776
1590,0.7500397682000001,0.24413207414200438
1591,0.75050785065,0.24464430554043182
1592,0.75032339095,0.24380392520969696
1593,0.75077224735,0.24449127341943033
1594,0.75121002195,0.24442099661682412
1595,0.7506976127499999,0.24375045908590975
1596,0.75103185655,0.2434789720189832
1597,0.7514090156500001,0.24359717461877506
1598,0.7512671661499999,0.24285439784825424
1599,0.7512963485999999,0.24330171185784757
1600,0.7520423889500001,0.2428768701794781
1601,0.7518246650500001,0.24240128852273457
1602,0.7521100235,0.24299196262981582
1603,0.7525941276500001,0.2421554962076405
1604,0.7525984001,0.2418953390478196
1605,0.7523602295,0.2418178211021882
1606,0.7532867050000001,0.24156085862755972
1607,0.7533176994,0.24135262853366682
1608,0.75377256395,0.24078165538542065
1609,0.7541207504499999,0.24020982808876518
1610,0.75519439695,0.240736160844167
1611,0.75500326155,0.23973456250915867
1612,0.7552627373,0.2391235316440769
1613,0.7552234077500001,0.2389556919068005
1614,0.7560172653500001,0.23852033346649196
1615,0.7566543579,0.23822957720944
1616,0.75650877,0.23776376827929188
1617,0.7576181221,0.23695647546183576
1618,0.75829875945,0.23708239697911132
1619,0.7580791092,0.23611008998073119
1620,0.75896434785,0.2354944640047477
1621,0.7588160895999999,0.23501514915963928
1622,0.7600783157000001,0.23496856736706387
1623,0.76057142255,0.23418635754293204
1624,0.76162433625,0.23385679606422233
1625,0.7614195442499999,0.23302663751780894
1626,0.7617580986,0.23300496549904756
1627,0.76202568055,0.23162311814545292
1628,0.76256479265,0.23053369476951624
1629,0.7634836578499999,0.23109664494262705
1630,0.7637822914,0.2300703510077259
1631,0.7653003502,0.22980639749069645
1632,0.76557483675,0.2284805948533588
1633,0.76635860445,0.22892397611450083
1634,0.76665166855,0.22773527184486697
1635,0.7674396324,0.22719020037122128
1636,0.7685351753,0.2267422932362167
1637,0.7690764236500001,0.2260428731849741
1638,0.7697354889,0.22508553944624782
1639,0.7703766822999999,0.2241885033453769
1640,0.7719841385000001,0.223672707936707
1641,0.7724202156,0.22281200878152585
1642,0.7731124878,0.22202299964194125
1643,0.7736108398,0.22083036192834893
1644,0.7741278267,0.21980374321963558
1645,0.77510951995,0.22019271351590114
1646,0.7758486557000001,0.2185963183440643
1647,0.77685037615,0.21842803208880862
1648,0.7776999855,0.21695607607703798
1649,0.7779708289999999,0.21621710311422407
1650,0.7788000488500001,0.21535031522797826
1651,0.78041427615,0.21487156488359452
1652,0.7805155182,0.21412063108585935
1653,0.7816486358500001,0.2123826646184891
1654,0.7825408172499999,0.21249262580492595
1655,0.7838572311500001,0.21090457961388887
1656,0.7837227249500001,0.21029171640309244
1657,0.7851678085500001,0.209232149700343
1658,0.7861353302,0.20809686227939037
1659,0.7868048096,0.20785336195767712
1660,0.7879000092000001,0.20646920962776505
1661,0.78894985195,0.2060661212738812
1662,0.78996120455,0.20504916482880325
1663,0.79115055085,0.20391720228217217
1664,0.79188926695,0.2024790592860234
1665,0.7925907898,0.20214887427162453
1666,0.7938996506000001,0.2008125896144167
1667,0.7950628281000001,0.20055835269978575
1668,0.79573791505,0.1986373073259554
1669,0.7959273529,0.1983672235474228
1670,0.7974599838,0.19692037818412905
1671,0.7984658813500001,0.19642856899636535
1672,0.79988765715,0.1956567215095352
1673,0.8007895279,0.1940543924984231
1674,0.80169071195,0.192434273850902
1675,0.8022690964,0.19222062890788394
1676,0.8032645035,0.1916675518122813
1677,0.80443870545,0.19024492281428795
1678,0.8052358627000001,0.1884501317487607
1679,0.80637046815,0.18811367010903904
1680,0.8069990158499999,0.187215547187237
1681,0.80848934175,0.1864551465065783
1682,0.8092889786,0.18495524980385916
1683,0.8108987808000001,0.1837532960796306
1684,0.81130153655,0.18229453080724936
1685,0.81215625765,0.18178207839047175
1686,0.81329612735,0.18095710912789276
1687,0.8140127563499999,0.18009034978964833
1688,0.81588039395,0.17927984081911646
1689,0.8167700195500001,0.17876788948339808
1690,0.8171978378,0.17713020686056818
1691,0.81840690615,0.17583745905763873
1692,0.8203569412499999,0.1750731935039052
1693,0.8204337692,0.1743482034724991
1694,0.82148448945,0.17224956903184135
1695,0.82264583585,0.17225018857345822
1696,0.8235036087000001,0.17049878411413918
1697,0.8246309279999999,0.17049419836188398
1698,0.8252540970000001,0.1689412897146991
1699,0.8262971877999999,0.16829003624245342
1700,0.8271545410000001,0.1668096235019746
1701,0.8288360976999999,0.1666111992956727
1702,0.830070076,0.16598019104648037
1703,0.83059360505,0.16383236706922147
1704,0.83149684905,0.1634841602545361
1705,0.8319024277,0.1609597878707851
1706,0.8327498627,0.1609575785747052
1707,0.83471752165,0.16055538942223874
1708,0.8351641082500001,0.1593083996081729
1709,0.83634651185,0.15850060734471438
1710,0.83734142305,0.15830033739413252
1711,0.8375877761999999,0.1558944864989644
1712,0.83894439695,0.15600446212124436
1713,0.83989845275,0.15469379019760257
1714,0.8403491210999999,0.15362098118744752
1715,0.84158470155,0.15368543326394135
1716,0.8420640945,0.15196217096702755
1717,0.84310806275,0.151164070747362
1718,0.84359096525,0.15029057365489368
1719,0.84510932925,0.14904027022696398
1720,0.8462282562,0.14923360587299528
1721,0.8462966537500001,0.1474897878396227
1722,0.84789676665,0.14776229342918484
1723,0.8481894302,0.14572240616534216
1724,0.8486825561500001,0.144629240587616
1725,0.8501379775999999,0.14448854015280244
1726,0.8511339569,0.14317172830268374
1727,0.8515250778500001,0.1434165663574372
1728,0.8531439209000001,0.14241305417763364
1729,0.8537285614,0.14179604375451826
1730,0.85288085935,0.1401434039424246
1731,0.8549178314,0.14080264772908752
1732,0.85540512085,0.1392999612077683
1733,0.8559754944,0.13809142505010594
1734,0.8570003128,0.13780918264518616
1735,0.8567385482500001,0.13728928393868473
1736,0.8581484985500001,0.13738138829003874
1737,0.85811092375,0.1358880996563952
1738,0.85936653135,0.13609729361540204
1739,0.8597031402499999,0.1348998524195425
1740,0.86023296355,0.13487459273667604
1741,0.8608234787000001,0.1332818687017149
1742,0.8613396072500001,0.13337978015257165
1743,0.86204532625,0.13280045558327938
1744,0.86209300995,0.13181905245574893
1745,0.86228862765,0.13164031025608128
1746,0.86382392885,0.13142419676321113
1747,0.8629139709500001,0.13024740250007555
1748,0.8644094467,0.13010722503537123
1749,0.8650785446,0.1299793334032444
1750,0.8651775741500001,0.12880703308079774
1751,0.8661776733,0.1295256510550666
1752,0.8661359787,0.12739727898893186
1753,0.8665268707,0.12686452151471955
1754,0.86688953395,0.12761881573470968
1755,0.8674132538000001,0.1264074046250953
1756,0.86803649905,0.12595289349254077
1757,0.8678752136500001,0.12662235840207253
1758,0.8685041427499999,0.1264434338228815
1759,0.8688388442999999,0.12614196699047134
1760,0.86837970735,0.12505359609135142
1761,0.8685742949999999,0.12520872722190393
1762,0.8694051360999999,0.12477963875421566
1763,0.8694115829500001,0.12561304930880696
1764,0.8698567581500001,0.12443694439774103
1765,0.87034286495,0.1246588505363417
1766,0.86984142305,0.12331063240492296
1767,0.8696752929499999,0.12419383178711936
1768,0.87028015135,0.12325335637247986
1769,0.87080005645,0.12326276583256371
1770,0.8708808135999999,0.12409479163230039
1771,0.8706225204500001,0.12332062297404858
1772,0.87000282285,0.12345633187217225
1773,0.8706268310499999,0.12247328560688092
1774,0.8706191634999999,0.12371495931923171
1775,0.8718105697499999,0.12373706851068066
1776,0.8717464065499999,0.1232013130556797
1777,0.8706070328,0.1226825221625912
1778,0.8707226943999999,0.12337815022860826
1779,0.87079467775,0.12335639222417498
1780,0.87175987245,0.12290901679933612
1781,0.8707761002000001,0.12317131352303914
1782,0.8708351516499999,0.12241667618889598
1783,0.8703792190499999,0.12230432429823442
1784,0.8706991958500001,0.12332007619057503
1785,0.87084106445,0.12355575139850265
1786,0.87068325045,0.12315452589675498
1787,0.8702409744499999,0.1236486711516988
1788,0.8698927688500001,0.12335395519799773
1789,0.8699713515999999,0.12404590327829912
1790,0.8696113205,0.12369584704376127
1791,0.8700492859,0.1251524027295921
1792,0.86988349915,0.12427858907759004
1793,0.8693453979500001,0.12489871016774864
1794,0.8687866973999999,0.12527697800445745
1795,0.8688021087500001,0.1252486821563342
1796,0.8682702636999999,0.12586761441677588
1797,0.86866817475,0.12566107849506053
1798,0.8681313705,0.12581026002222045
1799,0.86831378935,0.1267832777608762
1800,0.8671486664,0.12543923520173364
1801,0.86772960665,0.1265741670189847
1802,0.8671448898,0.12692915652180647
1803,0.86631702425,0.12695042444556373
1804,0.8658033371,0.12831716813737068
1805,0.8664761733999999,0.12831230160328802
1806,0.8659720993,0.12930265245724945
1807,0.86503948215,0.1290175646830874
1808,0.8648083877499999,0.12952069375700914
1809,0.86376758575,0.13004011073427507
1810,0.8635074615499999,0.1297036498134281
1811,0.86397254945,0.13082766464284487
1812,0.86340122225,0.13075698699639507
1813,0.86258415225,0.13093917322768653
1814,0.8615144348,0.1316832188698954
1815,0.8618391037,0.13199119125332295
1816,0.86043918605,0.13263143593362758
1817,0.8603191757,0.13231352277621722
1818,0.85983699795,0.13294625267727755
1819,0.85960960385,0.13486435074586356
1820,0.8594454956000002,0.1333064824851356
1821,0.8588173294000001,0.13548457968419247
1822,0.8581560135,0.13598567916194787
1823,0.8580814742999999,0.1359378526735845
1824,0.8569007492,0.13701491586644288
1825,0.8578912735,0.13676404207410583
1826,0.8565411377000001,0.1372452316211694
1827,0.8559386444,0.13825262926937967
1828,0.8552907944,0.1396272884461579
1829,0.8551750565,0.14053664819093856
1830,0.8547588730000001,0.14023406226169335
1831,0.85276802065,0.1398211355166212
1832,0.8535140991,0.14049630487780554
1833,0.8528090667999999,0.1426553176145304
1834,0.8520286179,0.142558638991853
1835,0.8513541030499999,0.1423332193053033
1836,0.851729393,0.14393533510502216
1837,0.8502488708499999,0.14322846617323035
1838,0.85004055025,0.14353374129165125
1839,0.8491008377,0.14467611184684004
1840,0.8500474929499999,0.1450127458869953
1841,0.8480751800499999,0.14700536361961045
1842,0.8472798156499999,0.14637375977399167
1843,0.8468331909,0.1464692304155081
1844,0.8466838837,0.14860458180001002
1845,0.8460651016,0.14892329206948116
1846,0.8445887756499999,0.14817747648328786
1847,0.8446087265,0.14886154325103
1848,0.8448321914499999,0.14971647523827827
1849,0.84359466555,0.14927923394846535
1850,0.8421758270500002,0.1508644341799855
1851,0.8424349975500001,0.15112744402324377
1852,0.84249420165,0.15218157344305266
1853,0.84169704435,0.15242129295448442
1854,0.8406713867,0.15384856940392366
1855,0.8379920196500001,0.1542688134428311
1856,0.8394945144499999,0.15510472368678158
1857,0.83952728275,0.15496815728215854
1858,0.8384894561499999,0.15493048591537265
1859,0.8371864700500001,0.1550574315780573
1860,0.8362641525000001,0.15646319247363757
1861,0.83706489565,0.15858352689790817
1862,0.8355007934500001,0.1584184373210433
1863,0.836397171,0.15911351434933596
1864,0.8344506073,0.15879280761170686
1865,0.83425384525,0.1591343010261987
1866,0.8330137253000001,0.1594422697709579
1867,0.833045845,0.16160193742892587
1868,0.8317432785,0.15882610619596005
1869,0.8315117264,0.16166114433902393
1870,0.8324007416000001,0.16068830332440615
1871,0.831746521,0.16365795273465075
1872,0.8314159775000001,0.16136020819451155
1873,0.8295874786499999,0.16351623886213795
1874,0.829505043,0.1654218258528891
1875,0.82877799985,0.16372831836944104
1876,0.82940387725,0.16508899047973652
1877,0.8268000412000001,0.16500898109599726
1878,0.82747714995,0.1655877768769956
1879,0.8259169006499999,0.16724177011462815
1880,0.82711494445,0.1680217107788049
1881,0.8265763855,0.167624221230711
1882,0.8247355270500001,0.16794467340993094
1883,0.8255519104,0.1684211151175918
1884,0.825250473,0.16983512835860687
1885,0.8238331985499999,0.16986975366037818
1886,0.82432640075,0.16934908019591358
1887,0.8235005569500001,0.17058563237507532
1888,0.8211815643,0.169808262183985
1889,0.8217763901,0.17125784657527107
1890,0.8220501709,0.17249654024935362
1891,0.8205820083500001,0.1706191108512186
1892,0.8198529433999999,0.1729170675484192
1893,0.8197613907,0.17408699009574724
1894,0.82016815185,0.17330933282635633
1895,0.8192317199499999,0.17405724815515605
1896,0.8184725189,0.1740642546294543
1897,0.81905742645,0.17444777037807185
1898,0.8180596542,0.17497549761090547
1899,0.81891132355,0.17656994877977641
1900,0.8173036194,0.17641513834072808
1901,0.8166384888,0.1754109996923519
1902,0.8164593887000001,0.17638334249929608
1903,0.81546489715,0.176448389067979
1904,0.81521274565,0.1766091911250625
1905,0.8153824997000001,0.17674370724054478
1906,0.8166617584,0.1790970362377976
1907,0.8150168228000001,0.1783641526181323
1908,0.81443820955,0.17842778997436537
1909,0.8143927002000001,0.17795875127228988
1910,0.8150865554500001,0.17831534229323076
1911,0.81416576385,0.1805372079393028
1912,0.81548553465,0.1792391239548744
1913,0.81237735745,0.17896333115934698
1914,0.8139359665000001,0.1803367381973233
1915,0.81394592285,0.18217180193733154
1916,0.8116084671,0.1799439890285346
1917,0.8126524353,0.18099430257869428
1918,0.8119891738999999,0.18115938491413053
1919,0.81177482605,0.18101052717262556
1920,0.8107993317000001,0.1815473604773083
1921,0.8112578200999999,0.18244718695674103
1922,0.81152347565,0.18097440351718108
1923,0.8112609481999999,0.18273027838014452
1924,0.80984375,0.18165480048054536
1925,0.81177978515,0.1836590221251092
1926,0.8100218963500001,0.18201319372798616
1927,0.80956150055,0.1828173866414587
1928,0.8108503723000001,0.18341076865410458
1929,0.8097298430999998,0.18306284900289185
1930,0.81136119845,0.1841183834016961
1931,0.80791561125,0.18438424743695606
1932,0.8099416732500001,0.184247829119289
1933,0.8102281189,0.18331010623396252
1934,0.80902843475,0.1846504248699227
1935,0.8092276001,0.18444608612564142
1936,0.8093934631499999,0.1834775152282907
1937,0.8107436371,0.1855206638811217
1938,0.80909061435,0.18447610420856783
1939,0.80926036835,0.18511189930231975
1940,0.80860248565,0.18335325770959565
1941,0.80860874175,0.18464571465593618
1942,0.8081628799500001,0.18386176071264512
1943,0.8086594390999999,0.18586627522177487
1944,0.8098477554500001,0.18477923785437458
1945,0.80930160525,0.18497722464501393
1946,0.8099620819000001,0.18453441149590447
1947,0.80799468995,0.18399561064001854
1948,0.80700351715,0.18269067652954887
1949,0.8098589706499999,0.18582244243493443
1950,0.8089030838,0.18387620372797117
1951,0.8086310577500001,0.18486153530926808
1952,0.8081938171,0.18381447390313504
1953,0.8075808716,0.18435970439004215
1954,0.80952445985,0.18564919068476726
1955,0.8107868195000001,0.18518248151791802
1956,0.8094267273,0.18501885868101237
1957,0.8088014984,0.18553888441857566
1958,0.8100532913,0.18415734024674218
1959,0.8097505569500001,0.18341018492632086
1960,0.8095697403,0.18465528577498225
1961,0.80891429905,0.18498617240412218
1962,0.8102777481000001,0.18370951146431239
1963,0.8091766357500001,0.1821540193707309
1964,0.8078349685499999,0.18250702469334246
1965,0.8094416809,0.18455801188650173
1966,0.81201454165,0.18532331304514604
1967,0.8095291519500001,0.18522663873517245
1968,0.80962459565,0.18301205859824043
1969,0.81034591675,0.18518760652526667
1970,0.8114979172,0.18275469768968577
1971,0.8118667602499999,0.1821250850865143
1972,0.81088813785,0.18201204163327592
1973,0.8105161667,0.1822878248469976
1974,0.81141536715,0.18302443204903956
1975,0.8118661499000001,0.1826677242823024
1976,0.8139415359500001,0.1834548356704668
1977,0.8125107574500001,0.18161900503172368
1978,0.8103967284999999,0.18059155063215923
1979,0.8127607345499999,0.17928014653637878
1980,0.8123442077999999,0.18182408872841427
1981,0.8129310226499998,0.18260029910483652
1982,0.81260852815,0.17941101083208014
1983,0.8134808731,0.1780157097650986
1984,0.81413864135,0.18041728302526192
1985,0.8134136963,0.17901505490690073
1986,0.813653183,0.1784825346382126
1987,0.81397083285,0.17791101780812388
1988,0.81359905245,0.17765308129970253
1989,0.8155960845999999,0.17762396114099796
1990,0.81408042905,0.17827075451624352
1991,0.8157432556,0.17753377689635094
1992,0.8159578705,0.1756139522124024
1993,0.8148466873000001,0.17483007172081838
1994,0.8158596420500001,0.1762220350407052
1995,0.8159599685500001,0.17650541929555336
1996,0.81801288605,0.17845734258577417
1997,0.8176614761,0.17673817691243893
1998,0.81772548675,0.17511603420270017
1999,0.8178979492499999,0.1731740406982992
2000,0.8192605972,0.17550160771321252
2001,0.8165973281999999,0.1752017218592599
2002,0.819896698,0.1736219206731335
2003,0.8189614105000002,0.17408830216196486
2004,0.8176592636000001,0.1740361950188872
2005,0.81885623935,0.1719392247848936
2006,0.8200691986000002,0.17297868400095326
2007,0.8191890716500001,0.1707669808703905
2008,0.82182933805,0.17239800765469734
2009,0.8213559723,0.1705300699316311
2010,0.8224441146999999,0.17100404707474595
2011,0.8218444442500001,0.1701682253336868
2012,0.8227809143,0.1689792943484388
2013,0.8231915283000001,0.16928326324614823
2014,0.8225123596,0.1698980925654768
2015,0.8250253677500001,0.168303583512656
2016,0.8245505523500001,0.16875182368991237
2017,0.8242217254499999,0.16720429804762996
2018,0.82521049495,0.1678194787493915
2019,0.8248327637,0.1658838861160369
2020,0.8260581207,0.16659066373143247
2021,0.82529720305,0.16515752858599064
2022,0.8255388260000001,0.16551174627321966
2023,0.8260356903,0.16663070464815333
2024,0.8278147888,0.16372286295251637
2025,0.8269261550499999,0.16499773835927645
2026,0.8271745681999999,0.16424830971893847
2027,0.82682479855,0.16356542157918433
2028,0.82661643985,0.1602193814752798
2029,0.8273073196499999,0.1612966221059407
2030,0.82774665835,0.16106696916565003
2031,0.8296578598,0.16070802349368832
2032,0.8287874221999999,0.1588159811406199
2033,0.8291105651999999,0.1597081034549224
2034,0.8313589859000001,0.15951926933772576
2035,0.8301093674000001,0.15918180471097898
2036,0.8331622314500001,0.15730317175015426
2037,0.8305242920000001,0.15744854696943436
2038,0.8317725754,0.15701898247313179
2039,0.8320964813,0.15493379925851036
2040,0.83180870055,0.15703316754797852
2041,0.83283473965,0.1567788664612988
2042,0.8327802277,0.15379481672327933
2043,0.8342235565,0.15513188316896967
2044,0.8351394271500001,0.15203495447052273
2045,0.8341849136499999,0.1524646457919329
2046,0.83603500365,0.15269171403131535
2047,0.8372227096500001,0.15103703591017267
2048,0.8366294861,0.15161362665692707
2049,0.8357265472000001,0.15123863216758174
2050,0.8369725418,0.15008306142430533
2051,0.8380927658,0.14975659036561254
2052,0.8384574509000001,0.1488532395860297
2053,0.8392708587499998,0.1514659507799564
2054,0.83827983855,0.14614908540786029
2055,0.83874156955,0.14645082807153767
2056,0.83968582155,0.1462564562977972
2057,0.8409404373000001,0.14688907056480446
2058,0.8403047180000001,0.14453265221268177
2059,0.8435033035,0.1460735075722736
2060,0.8414481735,0.14595720413999336
2061,0.8421920776499999,0.14441566971240616
2062,0.84394874575,0.14384274709208233
2063,0.8429356003000001,0.14206804330520062
2064,0.8443466568,0.1424454153407181
2065,0.8435965729,0.14101535012127636
2066,0.8448410415500001,0.14259427721499418
2067,0.8456349944999999,0.14115001593742404
2068,0.8471603775,0.14081108565529693
2069,0.8456086731000001,0.13896914783915812
2070,0.8470121764999999,0.14025831922650592
2071,0.84841163635,0.1404346384120519
2072,0.8478394699,0.1385274789323823
2073,0.84729484555,0.1346847489338798
2074,0.84843761445,0.13895586207046853
2075,0.85194786075,0.13845455281647776
2076,0.8495917510999998,0.1395631984538177
2077,0.8492041779,0.13423526548826473
2078,0.8522671890000001,0.13392267160197516
2079,0.8514910126,0.13208785114083502
2080,0.8533256530500001,0.13241355288916837
2081,0.8530378723000002,0.1339766724373189
2082,0.8526978302,0.13342967467067185
2083,0.8570147323500001,0.13422931709351613
2084,0.8541179275499999,0.13332098244337404
2085,0.8567863464500001,0.130562614406054
2086,0.8558289719,0.12993789971646602
2087,0.85628673555,0.13061860047514604
2088,0.8556159972999999,0.12814939932661973
2089,0.8571984481999999,0.1295712754907934
2090,0.857232666,0.12630184633214836
2091,0.8591794967499999,0.1284430481099644
2092,0.8595628356999999,0.1292328867135383
2093,0.8575767517,0.12991527591191024
2094,0.8581971741,0.1250517224016492
2095,0.8590475845500001,0.12491444614069833
2096,0.8592978668000001,0.12575223910815805
2097,0.86020980835,0.12420127739660572
2098,0.8621871566999999,0.12715495414803535
2099,0.86085025785,0.1243658857057997
2100,0.8648605728,0.12360720046938142
2101,0.8618538666000001,0.12387802929972251
2102,0.8645880508499999,0.12241524450323382
2103,0.86455913545,0.12018523076668855
2104,0.8632683563000001,0.1202173786159405
2105,0.8636567688,0.12119100941112627
2106,0.8661802291499999,0.12115266264045159
2107,0.86453048705,0.1194757079101231
2108,0.86270362855,0.11852141543283784
2109,0.8667590713500001,0.11960453289288729
2110,0.8659736633,0.12206437422154304
2111,0.8701118087999999,0.12018774500940109
2112,0.8674475860499998,0.11900496119954894
2113,0.86696266175,0.11549422397895606
2114,0.8668215179500001,0.11547407911223663
2115,0.8677983474500001,0.1150309131714008
2116,0.8701561356,0.11657428968407109
2117,0.86744472505,0.11385257548013362
2118,0.8672835541,0.11355355248209584
2119,0.8706555939,0.11290763824979874
2120,0.8692412948500001,0.11414902941082332
2121,0.8690039443500001,0.1143007314540261
2122,0.8713138198499999,0.11336994186095944
2123,0.8691609955,0.11565141607768879
2124,0.8694382476999999,0.11323448804801639
2125,0.86768089295,0.11087771164186652
2126,0.8706209946,0.10942813932110183
2127,0.8712220383,0.11417270326382316
2128,0.8714175415,0.1104726659689193
2129,0.8725393295499999,0.11160802021158797
2130,0.86835018155,0.11273027598918862
2131,0.8703366852,0.10906563658818336
2132,0.8701898575,0.11252003592349363
2133,0.87333896635,0.10811985632417796
2134,0.8733908081,0.10863837124873674
2135,0.8730856705,0.10668743805162474
2136,0.8688277435500001,0.10629130043096563
2137,0.8685610199,0.10668314770413843
2138,0.87078273775,0.10822798299733177
2139,0.87141311645,0.10585103554233857
2140,0.8690799713,0.10516435089705162
2141,0.8721908951,0.10846124032997372
2142,0.8734283447499999,0.10759068045331385
2143,0.8716726303,0.11058574152516255
2144,0.8682910538,0.10627271859639886
2145,0.8683536911,0.1040543172183874
2146,0.8705439758,0.10453918253344952
2147,0.8673538207999999,0.10927535132999415
2148,0.86974601745,0.10658512690344893
2149,0.8675055313499999,0.10387723999431676
2150,0.86889003755,0.1036808203542161
2151,0.8663035965,0.10501504816996572
2152,0.8672919082499999,0.10346177991117315
2153,0.8663284683000001,0.10264617202034224
2154,0.8644285965,0.10014126360232625
2155,0.8656591034000001,0.1048530100695256
2156,0.8668323517000001,0.10205529100104731
2157,0.8650206756500001,0.10197142148667326
2158,0.8639414215,0.10233536805194167
2159,0.8655186080999999,0.10723800029184569
2160,0.86373199465,0.10456821516065919
2161,0.8654586792000001,0.10184938053350312
2162,0.8625692749000001,0.1013407612104438
2163,0.8616521453999999,0.10186631602031106
2164,0.8609132004,0.09740943333747323
2165,0.8602849960500001,0.09842297660052676
2166,0.86006744385,0.1030329529161601
2167,0.8590435791000001,0.09852204234532205
2168,0.8577282715,0.09833566108008031
2169,0.8585709,0.1008362535300024
2170,0.8561941528,0.09839283753812579
2171,0.8582125473,0.09961178213343543
2172,0.8585053252999999,0.09849354275570363
2173,0.8558848953,0.09933966836943174
2174,0.8519570541499999,0.09642818954774972
2175,0.8518382645,0.09812274998262857
2176,0.8538745499,0.10010597253366442
2177,0.8505730056999999,0.09842146576665237
2178,0.84716049195,0.09616888267198359
2179,0.8461169434,0.09467030824107775
2180,0.8448748398000001,0.09780641414607645
2181,0.8443551253999999,0.10046599428040841
2182,0.8423894118999999,0.0971420086086049
2183,0.8373936844,0.09797992404651504
2184,0.8371940612500001,0.09880275670891152
2185,0.8347242355500001,0.09882160040038915
2186,0.8327389908,0.09703254476302589
2187,0.8275963974,0.09538791634418259
2188,0.8236234665000001,0.09425391320644301
2189,0.8205007553,0.09902142232063657
2190,0.8175547409,0.09586320362397763
2191,0.81208065035,0.09291628590038856
2192,0.8053414917,0.0967203112149865
2193,0.8020343017499999,0.09453744125349303
2194,0.79175346375,0.09343478326477447
2195,0.78310451505,0.08619957684705123
2196,0.77523159025,0.08552012227220906
2197,0.7687984847999999,0.08803213325006025
2198,0.76486206055,0.09017270738515058
2199,0.75340827945,0.0873420244092702
2200,0.746014328,0.08812594361916407
2201,0.73589458465,0.08330574431912949
2202,0.7332187271000001,0.08564744932852579
2203,0.72507717135,0.08719304832021767
2204,0.7189824295,0.0856446005659403
2205,0.7118692780000001,0.08551956403319771
2206,0.7073023796,0.08532754408810474
2207,0.7040057754500001,0.0838421480446943
2208,0.7017452240000001,0.08114776343989942
2209,0.6985061073,0.08342658234398388
2210,0.6996856880499999,0.08246168349280454
2211,0.6933648109499999,0.08183076846298089
2212,0.6958893204000001,0.0873164145687462
2213,0.6956142235,0.08662048190061677
2214,0.6986284256,0.08269151210931769
2215,0.69753717425,0.08398214709036073
2216,0.7020349883999999,0.08214087254934137
2217,0.6996152687,0.08237172224356015
2218,0.7090683365000001,0.08470308839774077
2219,0.7074516868500001,0.08148304303398653
2220,0.7067511749,0.09004718562766213
2221,0.7106696129,0.08384920080452982
2222,0.7126884079,0.09028069040468227
2223,0.7188158798000001,0.08679034717597991
2224,0.7217811584500001,0.09193481176625214
2225,0.7201542282,0.09235042439680821
2226,0.7223003769,0.089480711157569
2227,0.7236855697499999,0.08994661681162863
2228,0.7266846847499999,0.09095419768327118
2229,0.728093071,0.09177693279548613
2230,0.73007266995,0.09179965663055371
2231,0.72802371975,0.09450032758972822
2232,0.7312822341999999,0.09202970555032822
2233,0.7328037643499999,0.0916854891230773
2234,0.7362035751499999,0.09774039603623487
2235,0.73506084445,0.09428162117256876
2236,0.73420917515,0.09368867141592892
2237,0.7319242477,0.09997331662328524
2238,0.73447273255,0.09601721137916895
2239,0.7328833007500001,0.09785362511075793
2240,0.73459899905,0.0951973667107079
2241,0.7327885055499999,0.09908528674571108
2242,0.7385251235999999,0.0972148600937016
2243,0.73506137845,0.1007251064381676
2244,0.7339234161499999,0.09835085381411368
2245,0.73632694245,0.09849572136991527
2246,0.7424084854,0.10183738824529995
2247,0.736381073,0.10132613942851731
2248,0.73552021025,0.10168010634437213
2249,0.7431169510000001,0.10102822627853209
2250,0.7382093811,0.10255015417151603
2251,0.7402616501,0.10356173570727817
2252,0.7382926178,0.10588187771928008
2253,0.7423497391000001,0.10607277347582722
2254,0.7451690673499999,0.10835603254844799
2255,0.7415040970000001,0.10782638725169118
2256,0.7398215103,0.1041248357049887
2257,0.74106365205,0.10449763853140105
2258,0.7459702301,0.10311931285356826
2259,0.7476101684500001,0.10254849148459774
2260,0.7509385681,0.11177427528641179
2261,0.74987457275,0.10870409860980608
2262,0.75074695585,0.10500609501402619
2263,0.75686683655,0.11465416084182208
2264,0.7570855713,0.10918653437115221
2265,0.7580086135499999,0.10531489720087374
2266,0.7591859436,0.11109216073912678
2267,0.7591902923500001,0.11431659540259603
2268,0.7603824234,0.10864045572218924
2269,0.7634282684,0.11542430033090209
2270,0.7663851928500001,0.11660068595994387
2271,0.7666741561500001,0.1196983336391976
2272,0.7666056824,0.11690118987859913
2273,0.7762176132499999,0.127145571407647
2274,0.77150295255,0.11892226130971834
2275,0.7733536147999999,0.11734400128760739
2276,0.77193073275,0.12001736389756056
2277,0.7779258727999999,0.12454330656475263
2278,0.7831396484500001,0.12753525592090323
2279,0.7800122833,0.12399411530909614
2280,0.7783012771500001,0.12878944414349255
2281,0.77756626125,0.1189110548679908
2282,0.78437877655,0.12069189146405687
2283,0.7886333847,0.13450542137268953
2284,0.78305099485,0.1249733104884429
2285,0.78328739165,0.1277315501201234
2286,0.79125976565,0.1315330175710296
2287,0.7889550399499999,0.1295716450449465
2288,0.787142601,0.12666482810613652
2289,0.7891008377,0.13173637323996848
2290,0.7869403839,0.127094924668319
2291,0.7891344451500001,0.13319671217819595
2292,0.7863645172,0.1323207951689256
2293,0.7906008529999999,0.13057172968042746
2294,0.7916595839999999,0.1369983306766701
2295,0.7951704788,0.13194032092590147
2296,0.7981870269999999,0.13514633128076856
2297,0.7962829208,0.1331480945573976
2298,0.79188835145,0.1283162465642726
2299,0.8000085067500001,0.1340931626660561
2300,0.79782634735,0.13725638679969124
2301,0.7988661957,0.13220601107279684
2302,0.8029393386999999,0.13414516196955914
2303,0.7958075714,0.14134932607986866
2304,0.7993267441,0.14047447722393616
2305,0.80150550845,0.14113810285654005
2306,0.8026166153,0.13828953441401226
2307,0.80429172515,0.13903062994633614
2308,0.8025400924499999,0.1398849345612528
2309,0.8038177490000001,0.1428511315227203
2310,0.80190677645,0.14266826696665982
2311,0.7993066025000001,0.14514638596705648
2312,0.80233181,0.14529415983863894
2313,0.80430126195,0.1448662901030616
2314,0.80406776425,0.14548628525923285
2315,0.8002995681999999,0.1436224753058179
2316,0.79864299775,0.14620315584150784
2317,0.8069286346499999,0.14959318428746388
2318,0.80441967015,0.14903731281544452
2319,0.8048590851,0.14782215464481918
2320,0.80580669405,0.1518784894219834
2321,0.8051637650000001,0.1506800568123893
2322,0.8017289352500001,0.14818144168189704
2323,0.8043303298999999,0.15269041195639607
2324,0.8014622116000001,0.15280071671534803
2325,0.80331523895,0.14910100991835729
2326,0.79873802185,0.1559916149667622
2327,0.8058940505999999,0.1514327057056245
2328,0.80405612945,0.15512487446782455
2329,0.80515750885,0.15649723732258156
2330,0.8098065948500001,0.15969652683885294
2331,0.8068391037000001,0.1589402259562577
2332,0.805064621,0.15759918684641558
2333,0.8023949051,0.1583203569051415
2334,0.8017114638999999,0.15867972900878688
2335,0.8026653289500001,0.1557508754688774
2336,0.8003821564,0.1510370426726954
2337,0.80229206085,0.16014285830850172
2338,0.8039592742499999,0.16494365204084319
2339,0.7997814178499999,0.16459622891584508
2340,0.8032374953999999,0.16234333899042697
2341,0.8009742355,0.1665280178595633
2342,0.80202392575,0.16210715128900635
2343,0.7969443130499999,0.161541702347102
2344,0.7967842102,0.16051480042708605
2345,0.8056132889,0.1666881222813213
2346,0.8019586563,0.16184020828104906
2347,0.7987260437,0.16562922804372085
2348,0.8009007263000001,0.16208343903396957
2349,0.7999191666000001,0.16457956908934815
2350,0.7988317871000001,0.16723609485802052
2351,0.7948145294,0.1683904345013791
2352,0.8026348495000001,0.1648766638405407
2353,0.79628536225,0.16728718715580868
2354,0.7987289047499999,0.17004658292275265
2355,0.80044788365,0.17003439927447592
2356,0.7980397033500001,0.16854465537596056
2357,0.7954969024999999,0.1697782864856547
2358,0.7948963928,0.16329855430339474
2359,0.79046276095,0.16776585244651515
2360,0.7908538818499999,0.1657280684752645
2361,0.7932891083,0.17296468922907024
2362,0.7939043044999999,0.17359372624596528
2363,0.7995977020000001,0.1653108814909771
2364,0.7915616989,0.17570841180820043
2365,0.7988420105,0.17585612146035806
2366,0.7892338180499999,0.1708597537255065
2367,0.7912681961,0.16727268007473423
2368,0.7879483032,0.17294743942013593
2369,0.79400337215,0.17621227802212303
2370,0.78786842345,0.17803049660521
2371,0.7900698853,0.17542671523402573
2372,0.7877311324999999,0.17250975229548657
2373,0.7950398636,0.18125971993043982
2374,0.78871307375,0.17714633648390346
2375,0.78554397585,0.17828304352645968
2376,0.7925799560499999,0.18415223978870002
2377,0.79148277285,0.17780055719166582
2378,0.78462810515,0.17447068001866534
2379,0.7884599304,0.1824001904895627
2380,0.7814359665,0.17528875636129185
2381,0.7894198607999999,0.16980490987826044
2382,0.7867623520000001,0.1766442325205179
2383,0.7934899138999999,0.1837871310530358
2384,0.7837977599999999,0.1834378692912691
2385,0.7868040466499999,0.18347191319781467
2386,0.77773586275,0.17618432508352122
2387,0.788034935,0.1790664342438469
2388,0.7909711075,0.17851806008414436
2389,0.78321281435,0.18105167594030797
2390,0.7795419311500001,0.1812340380090971
2391,0.777550621,0.17590920625754425
2392,0.7807235718000001,0.18208545947704238
2393,0.7791367721500001,0.18270466686703823
2394,0.7846285629499999,0.18078937502966308
2395,0.7758848953,0.18442084091091807
2396,0.7791770935,0.18158711170915962
2397,0.7787641907,0.18841109960608773
2398,0.7755900955,0.18148697026753136
2399,0.7784606552,0.18402749009910452
2400,0.7791896819999999,0.18530492922392214
2401,0.78315582275,0.189031379907928
2402,0.76828845975,0.18694453315535442
2403,0.78209617615,0.1813940292886881
2404,0.7700115966499999,0.1816281155875566
2405,0.7744534301999999,0.19030604159726217
2406,0.77446804045,0.1920311582333291
2407,0.7712857055500001,0.19440506575893957
2408,0.77310951235,0.19040091994097152
2409,0.77057956695,0.18975537818177116
2410,0.77291389465,0.18817661227368646
2411,0.7710261535499999,0.18516237965560944
2412,0.7639427185,0.18966511155475752
2413,0.7623969268999999,0.18522027322554194
2414,0.76768615725,0.1967761076571892
2415,0.7705043792499999,0.19399338264970253
2416,0.7719458008000001,0.19065838199373109
2417,0.76427993775,0.18566059795458664
2418,0.7671632767,0.18815642011558417
2419,0.77164482115,0.18884962137723846
2420,0.7614690971499999,0.18432139492444877
2421,0.7641396331499999,0.18954138008862564
2422,0.75722738265,0.188551863188483
2423,0.761436615,0.18975364752145474
2424,0.75994615555,0.18661710208601692
2425,0.7584624099999999,0.18882895748751335
2426,0.75157608035,0.19546219189949582
2427,0.75295684815,0.18819922712957052
2428,0.7597174072,0.19696812172595698
2429,0.7527907752999999,0.19194747406186252
2430,0.7530125809,0.18925012478485997
2431,0.7597358322,0.19360127943061842
2432,0.7522030448999999,0.18763499520876137
2433,0.7492598533500001,0.18698823411874307
2434,0.75225175855,0.19809121004737218
2435,0.7562754059,0.19419084498438757
2436,0.7506416893,0.18172941665608244
2437,0.7497808646999999,0.18729949485182723
2438,0.7430851935999999,0.18666410335551706
2439,0.75172000885,0.1898993186112297
2440,0.7566083908,0.18914728493090077
2441,0.7484959983999999,0.20344709429453128
2442,0.7527834701499999,0.19385362869483785
2443,0.75820037845,0.19773847377659756
2444,0.7494095421,0.19850689587767967
2445,0.7495374107500001,0.19349266294272507
2446,0.7335666275,0.19322861499791813
2447,0.74450456615,0.19571829053598538
2448,0.74648983,0.19726230177117463
2449,0.7386160850499999,0.1911772902433402
2450,0.7503428459,0.19012520258547014
2451,0.73924430845,0.19124506079827555
2452,0.73938533785,0.19451612666103782
2453,0.73864702225,0.18830507932862234
2454,0.73821826935,0.19249488495633796
2455,0.74182497025,0.19334907133858928
2456,0.7419908333,0.19062613927457964
2457,0.73796138765,0.2088702182767054
2458,0.7344203758000001,0.19387121099346646
2459,0.7381959915,0.20754463345322902
2460,0.7278911972000001,0.19443657432185874
2461,0.73424848555,0.19266029318931552
2462,0.7392329979,0.19641252980252688
2463,0.7324426269500001,0.19532866831928358
2464,0.73255931855,0.18640817441739785
2465,0.72805210115,0.18627906071567726
2466,0.7328224944999999,0.19055806501626255
2467,0.7372554207,0.20087138147990177
2468,0.7355147743500001,0.1918168006270408
2469,0.7341949463,0.18563808222188372
2470,0.73597610475,0.19952731595113932
2471,0.7313230896,0.19414029769456917
2472,0.7298857116499999,0.2000566552466826
2473,0.7295786666499999,0.196376989794833
2474,0.7202344893999999,0.19546741734782924
2475,0.7381578826999999,0.2037574303141815
2476,0.72454349515,0.1843276416931688
2477,0.7276382445999999,0.20047946887443338
2478,0.7221729088,0.18884264760398697
2479,0.73117156985,0.2077879189281001
2480,0.7269142151,0.2037873111107194
2481,0.7197822952,0.19149161521706465
2482,0.7222339058,0.19989321325483952
2483,0.7163328170500001,0.19318328388232708
2484,0.7283583641,0.18114592783451997
2485,0.7146401787000001,0.19335955471847308
2486,0.7112282562500001,0.19220490372271068
2487,0.7202266502500001,0.1892073311254851
2488,0.71153978345,0.18442357000703835
2489,0.7144633293,0.18576211276920207
2490,0.7074205207500001,0.19574869975594614
2491,0.7137155151000001,0.19399018538633908
2492,0.7265330505500001,0.20746497673585548
2493,0.71340070725,0.19143536280383944
2494,0.7142739105,0.1950912441944731
2495,0.71074037555,0.1963583104115427
2496,0.6980575752499999,0.17645242180251056
2497,0.7112173843499999,0.19618954568469854
2498,0.7159085464500001,0.2072159190436154
2499,0.7053755187999999,0.19362319493273403
2500,0.7050899315,0.18737707103078394
