Î»,T,Optical Density
2600,0.81504547,0.08881816203395489
2599,0.81324798,0.08977700677459693
2598,0.81170172,0.09060353375974253
2597,0.8102916299999999,0.09135864716420322
2596,0.8088516699999999,0.09213111350122515
2595,0.80708929,0.09307841570028982
2594,0.80531695,0.09403315994892532
2593,0.80372537,0.09489232272960181
2592,0.80256756,0.09551839854900276
2591,0.8010195400000001,0.09635688964526194
2590,0.8000358599999999,0.09689054619420184
2589,0.79880172,0.09756100866650194
2588,0.7975340900000001,0.09825074428022684
2587,0.7969055899999999,0.09859312674779493
2586,0.7964345199999999,0.09884992453536953
2585,0.79517549,0.09953701483031104
2584,0.79454825,0.09987972454535225
2583,0.7940342300000001,0.10016077518035446
2582,0.79367717,0.10035611192772884
2581,0.7941384499999999,0.10010377612535387
2580,0.79416029,0.1000918325391172
2579,0.79408322,0.10013398108313558
2578,0.79424791,0.10004391931058698
2577,0.79476922,0.09975896069030626
2576,0.79509964,0.09957844317922489
2575,0.7957313,0.0992335586789829
2574,0.79656846,0.0987768934063967
2573,0.79705653,0.09851087584801264
2572,0.79766644,0.09817867951629182
2571,0.7987152500000001,0.0976080234332832
2570,0.79978092,0.09702896083960091
2569,0.80112852,0.09629780719977213
2568,0.80265464,0.09547127938566047
2567,0.80410678,0.09468627602074622
2566,0.80523016,0.09407996692263858
2565,0.80657413,0.09335571163465281
2564,0.8080452800000001,0.09256430221655755
2563,0.80949616,0.0917852070647347
2562,0.8106987,0.09114052339727775
2561,0.81198966,0.09044950109569022
2560,0.81278526,0.0900241809936071
2559,0.8138346300000001,0.08946383414613537
2558,0.8151450199999999,0.08876512036061383
2557,0.81589573,0.08836533974994297
2556,0.81710172,0.08772387530987366
2555,0.8180291,0.08723124676311035
2554,0.81860403,0.08692612164719449
2553,0.81937518,0.08651719556019821
2552,0.8202590999999999,0.08604894282809221
2551,0.82080336,0.08576087442222914
2550,0.82109116,0.08560862352955682
2549,0.82129925,0.08549857376468659
2548,0.8212660700000001,0.08551611935722533
2547,0.8206070699999999,0.0858647456572367
2546,0.82042254,0.08596241648608094
2545,0.8204583599999999,0.08594345541664049
2544,0.8198407400000001,0.0862705042708269
2543,0.81901567,0.08670778892404046
2542,0.81758291,0.08746819520626496
2541,0.81628779,0.08815669961142504
2540,0.8152830299999999,0.08869159735959502
2539,0.81471222,0.08899576958751873
2538,0.81338207,0.08970540530970293
2537,0.8121876100000001,0.09034363999948308
2536,0.81085833,0.09105501739645563
2535,0.80914507,0.09197360761850364
2534,0.80765253,0.09277544214640267
2533,0.8062720299999999,0.0935184058429056
2532,0.8044385300000001,0.09450713627812467
2531,0.8024869099999999,0.09556204298680802
2530,0.8010645200000001,0.09633250320226702
2529,0.79963463,0.09710840603435945
2528,0.79822331,0.09787559394543315
2527,0.79715531,0.09845705664042567
2526,0.7958794299999999,0.09915271976457066
2525,0.79464368,0.09982756631112583
2524,0.7932093,0.10061220254161606
2523,0.79190262,0.1013282201741844
2522,0.79110488,0.10176593649494904
2521,0.79057958,0.10205440730629096
2520,0.78982795,0.10246750175167671
2519,0.78945783,0.10267106348650706
2518,0.7888255200000001,0.10301904759030478
2517,0.78866905,0.10310520200135456
2516,0.7888209700000001,0.10302155263805178
2515,0.78927018,0.10277430528547017
2514,0.78975556,0.10250730791243734
2513,0.79034236,0.10218474054433846
2512,0.79097922,0.10183492580431729
2511,0.79186639,0.10134808985086419
2510,0.79292057,0.10077031550514652
2509,0.7945486599999999,0.09987950044229543
2508,0.79605098,0.09905911866468475
2507,0.79754609,0.09824420977011476
2506,0.79957038,0.09714330264899336
2505,0.80179178,0.09593840046631606
2504,0.80404353,0.09472043840696567
2503,0.80652133,0.0933841423744587
2502,0.80932709,0.09187592254997665
2501,0.81179205,0.0905552061082101
2500,0.8143184499999999,0.08920572529261267
2499,0.81674532,0.08791334537900002
2498,0.8196080299999999,0.08639379530792654
2497,0.8224030299999999,0.08491529826385784
2496,0.82509261,0.08349730265650109
2495,0.8277564099999999,0.08209744746281615
2494,0.83036184,0.08073261741737735
2493,0.83261314,0.07955673951642617
2492,0.83490517,0.07836284964755272
2491,0.8371535299999999,0.07719488714737535
2490,0.8393232999999999,0.07607072050541934
2489,0.8412359899999999,0.07508215547686037
2488,0.84284932,0.07425005923248452
2487,0.84410952,0.07360120166118743
2486,0.84505679,0.07311410435814145
2485,0.8460021000000001,0.07262855892636642
2484,0.84662976,0.07230646964818677
2483,0.8466695799999999,0.07228604371892072
2482,0.8466522500000001,0.07229493313762214
2481,0.84607516,0.07259105525485256
2480,0.84510974,0.07308689296516194
2479,0.84399379,0.0736607488466845
2478,0.84261368,0.07437149429499547
2477,0.8406836900000001,0.07536737819448323
2476,0.83876515,0.076359622409265
2475,0.83631163,0.0776318637440811
2474,0.83327897,0.07920957860660775
2473,0.8300173200000001,0.08091284509146184
2472,0.8265521699999999,0.08272972959637713
2471,0.82271487,0.08475065305167118
2470,0.8185676700000001,0.08694541216799274
2469,0.81445762,0.0891315091197368
2468,0.8102626399999999,0.09137418530107995
2467,0.80595899,0.09368705604828796
2466,0.8012467200000001,0.09623373530628218
2465,0.79644942,0.09884179966497808
2464,0.79174647,0.10141386425278387
2463,0.7873609,0.10382615588547409
2462,0.7827105,0.10639884011460868
2461,0.77819265,0.10891287540777922
2460,0.7739387600000001,0.11129340268440961
2459,0.76995852,0.1135326709578421
2458,0.76594111,0.11580462016532621
2457,0.7622065299999999,0.11792733484643009
2456,0.7586782700000001,0.11994235478427924
2455,0.7551694999999999,0.1219555587645236
2454,0.75199031,0.12378775560602166
2453,0.74909059,0.12546565845794858
2452,0.74653678,0.12694879080894317
2451,0.74422404,0.12829630546374696
2450,0.74239987,0.12936211283753435
2449,0.74099596,0.13018415984049625
2448,0.7397583799999999,0.1309101064415508
2447,0.7387880099999999,0.13148016146283614
2446,0.7382340399999999,0.13180593334338586
2445,0.7382796,0.13177913175338926
2444,0.7385685200000001,0.1316092072207132
2443,0.7393871,0.13112813078169547
2442,0.74048633,0.13048295450991182
2441,0.74206248,0.12955952655809433
2440,0.7439902899999999,0.12843273250108062
2439,0.74627601,0.12710051910864223
2438,0.7491830199999999,0.12541207433453444
2437,0.7526486699999999,0.12340770147057363
2436,0.75650012,0.12119099875073011
2435,0.7605661499999999,0.1188630073432483
2434,0.7650078100000001,0.1163341310913629
2433,0.76994023,0.11354298754011657
2432,0.77512591,0.11062774578174951
2431,0.78063568,0.10755160258976276
2430,0.78665179,0.10421746477752267
2429,0.7929161100000001,0.10077275832087113
2428,0.79911388,0.09739132590328776
2427,0.80555953,0.09390236015449734
2426,0.8123260600000001,0.09026961406510595
2425,0.81948571,0.086458615152977
2424,0.82668612,0.08265935408386917
2423,0.83368485,0.07899809057587373
2422,0.8407455,0.07533544852168089
2421,0.8477762400000001,0.07171875924867516
2420,0.85470024,0.06818617409086535
2419,0.86127113,0.0648601101875583
2418,0.867673,0.06164391658928148
2417,0.87405579,0.058460845951564054
2416,0.87996176,0.05553620032918635
2415,0.8853004900000001,0.052909295405095924
2414,0.890104,0.05055924730185737
2413,0.89427762,0.04852763767231059
2412,0.89811149,0.04666974742366752
2411,0.90142967,0.045068151495553474
2410,0.90417322,0.04374836014010061
2409,0.90649523,0.04263447683061158
2408,0.90826807,0.041785953087353486
2407,0.90922449,0.041328875049330624
2406,0.90950867,0.04119315661675787
2405,0.90898595,0.041442829522397646
2404,0.90792929,0.04194797323948674
2403,0.90626471,0.042744931129935944
2402,0.90401994,0.043821990170141864
2401,0.9012395200000001,0.0451597724058106
2400,0.89799428,0.04672642967161346
2399,0.89414596,0.04859158137360161
2398,0.88983919,0.0506884711144458
2397,0.8852415,0.052938234601840974
2396,0.88029423,0.05537214477256776
2395,0.87504413,0.05797004419802317
2394,0.86964702,0.06065698689038937
2393,0.86404762,0.06346232171865067
2392,0.85832758,0.06634693239017303
2391,0.85266756,0.06922025956975532
2390,0.84704854,0.07209170177067675
2389,0.84137923,0.07500821303179185
2388,0.83595186,0.07781873157812673
2387,0.83078285,0.08051247726361264
2386,0.82586359,0.08309168028566193
2385,0.82102737,0.08564236487588284
2384,0.81662626,0.08797665871411627
2383,0.8126461,0.09009854454009272
2382,0.80891927,0.09209481873752545
2381,0.8057221,0.09381472401088589
2380,0.80293559,0.09531929161984545
2379,0.8006363799999999,0.09656467993877335
2378,0.79902075,0.09744194222107005
2377,0.79772085,0.09814905666180669
2376,0.79692667,0.09858163880403972
2375,0.79665449,0.0987299918044402
2374,0.79679213,0.09865496413562773
2373,0.79738773,0.09833045143546512
2372,0.7986621700000001,0.09763688618145942
2371,0.8002884899999999,0.0967534292205401
2370,0.8021024800000001,0.09577014087392217
2369,0.80454389,0.09445025900450138
2368,0.80756052,0.09282492098799963
2367,0.8109100599999999,0.09102731177129367
2366,0.81476069,0.08896993270073791
2365,0.8193133,0.0865499951348348
2364,0.82431509,0.08390674984239821
2363,0.82922321,0.0813285504833213
2362,0.83446326,0.07859277981219678
2361,0.8401965199999999,0.07561912159346479
2360,0.8463231600000001,0.07246377430566922
2359,0.85286496,0.06911972823411064
2358,0.85936794,0.06582085235191158
2357,0.86584732,0.06255868295655902
2356,0.8723730500000001,0.05929775943569565
2355,0.8792275700000001,0.05589870216880467
2354,0.8856752,0.05272551593408315
2353,0.8922174900000001,0.04952926760411042
2352,0.89856101,0.04645243006663258
2351,0.9047175199999999,0.04348699941951419
2350,0.91020493,0.04086081652683817
2349,0.91530262,0.038435294493700166
2348,0.9199436900000001,0.03623875512261099
2347,0.92431092,0.034181916088434385
2346,0.92778216,0.032553982634295923
2345,0.93045984,0.03130236691019754
2344,0.9325479900000001,0.030328809646989533
2343,0.93433382,0.02949793074825308
2342,0.9352242,0.029084263832441008
2341,0.93520045,0.029095292872232323
2340,0.93433701,0.029496447983739342
2339,0.9331951599999999,0.03002752233300358
2338,0.93139379,0.030866662020340867
2337,0.9288590600000001,0.03205017847981296
2336,0.92553343,0.033607890036603284
2335,0.92158136,0.03546631791718456
2334,0.91749662,0.03739552698655718
2333,0.91283295,0.039608691831619094
2332,0.9078379700000001,0.04199165700116091
2331,0.90245026,0.04457672560272349
2330,0.8970767,0.04717042321822295
2329,0.89117982,0.050034656283756786
2328,0.88505991,0.053027330769081144
2327,0.87867539,0.05617153717774562
2326,0.8729051200000001,0.05903295915787512
2325,0.86664475,0.062158889527015836
2324,0.86087866,0.06505805761263492
2323,0.85505961,0.06800360762077316
2322,0.8493211700000001,0.07092805064784148
2321,0.84404287,0.07363549445063622
2320,0.83890541,0.0762870048815739
2319,0.8340422100000001,0.07881196961861307
2318,0.82998048,0.08093212151305224
2317,0.82628977,0.08286762405591482
2316,0.82275558,0.08472916360060032
2315,0.8194998800000001,0.08645110568755364
2314,0.81702186,0.08776632345489391
2313,0.81476428,0.08896801911583585
2312,0.81338148,0.08970572033242927
2311,0.8128640500000001,0.08998208327665731
2310,0.81268519,0.09007765455734855
2309,0.81293115,0.08994623477648675
2308,0.8134108999999999,0.08969001218944059
2307,0.8148457100000001,0.08892461658405482
2306,0.81676949,0.08790049346291808
2305,0.81931309,0.08655010644982615
2304,0.8221323300000001,0.08505827301547758
2303,0.8256643499999999,0.08319646668484837
2302,0.8291959900000001,0.08134280682550357
2301,0.83360399,0.07904021531274207
2300,0.8382520499999999,0.07662537580239409
2299,0.8434932,0.0739184142181646
2298,0.84863762,0.07127771992237303
2297,0.85427273,0.06840345691638751
2296,0.8600216199999999,0.06549063093238863
2295,0.86581131,0.06257674534371159
2294,0.8719138,0.059526448593585926
2293,0.877886,0.05656187678796357
2292,0.88376077,0.053665280608826846
2291,0.88966361,0.0507741730592587
2290,0.8953729500000001,0.04799603017056267
2289,0.9009068499999999,0.04532011093251515
2288,0.90641526,0.042672791496373534
2287,0.91155821,0.04021559308184719
2286,0.9163437799999999,0.037941563726147265
2285,0.9207954100000001,0.03583685425298256
2284,0.9247137999999999,0.03399266111337054
2283,0.92809857,0.032405896481851854
2282,0.9311490299999999,0.030980804811433914
2281,0.93343693,0.029915020916104693
2280,0.93500382,0.029186614794293013
2279,0.9361958,0.028633311553925452
2278,0.93676546,0.028369130753741943
2277,0.93630759,0.028581456074839112
2276,0.93508132,0.0291506187621907
2275,0.9335044299999999,0.029883616740087944
2274,0.9314681400000001,0.030831995151877137
2273,0.92903489,0.03196797572654927
2272,0.9257886000000001,0.03348817134709031
2271,0.9220934,0.035225086484118553
2270,0.91840378,0.03696633745724799
2269,0.9139996499999999,0.03905397057152722
2268,0.9093744300000001,0.041257261551656134
2267,0.90467991,0.04350505384492221
2266,0.90031506,0.04560548514350636
2265,0.89496122,0.04819578290184901
2264,0.89024077,0.05049252038760159
2263,0.88555842,0.05278278326358446
2262,0.88095343,0.05504704916864924
2261,0.87675386,0.057122313415652964
2260,0.8727593,0.05910551470838403
2259,0.86876374,0.06109831372960674
2258,0.86530558,0.0628304956893411
2257,0.86217612,0.06440401012496359
2256,0.85915464,0.06592866008693209
2255,0.85703496,0.06700146206115015
2254,0.85489144,0.06808903147341169
2253,0.8533470900000001,0.06887428816218868
2252,0.8524589400000001,0.06932653029543659
2251,0.85195003,0.06958587745359371
2250,0.85169264,0.06971710574402812
2249,0.85183375,0.06964515699719184
2248,0.85266204,0.069223071114855
2247,0.8540477900000001,0.0685178267904014
2246,0.85595489,0.06754912263628898
2245,0.85774514,0.06664173398547202
2244,0.8599794900000001,0.06551190629834021
2243,0.86243267,0.0642748002417713
2242,0.86614604,0.06240887585923793
2241,0.86948035,0.06074022847783035
2240,0.8734587,0.058757625067015914
2239,0.87733328,0.05683539617862572
2238,0.88146826,0.0547933212036037
2237,0.8859205,0.05260524872289983
2236,0.8901638599999999,0.05053004173309932
2235,0.8946388500000001,0.048352246366499436
2234,0.8993312299999999,0.04608032509963522
2233,0.90358152,0.04403265982792097
2232,0.90761919,0.04209633030252461
2231,0.91135035,0.04031463529754635
2230,0.91485207,0.038649124924366535
2229,0.91822341,0.03705163914109461
2228,0.92100799,0.03573660216161069
2227,0.92360281,0.034514754440831706
2226,0.92547166,0.0336368757701402
2225,0.92667195,0.033073982705213806
2224,0.92783514,0.03252918342418134
2223,0.92824321,0.03233821890796283
2222,0.92825227,0.03233398005249729
2221,0.92779726,0.03254691438746567
2220,0.92629225,0.033251969540671
2219,0.9243735,0.03415251339710013
2218,0.92259776,0.03498760416176513
2217,0.9198171,0.036298520869168634
2216,0.9171360199999999,0.03756624954842225
2215,0.91404462,0.039032603230291944
2214,0.9104724799999999,0.0407331766837431
2213,0.9066784699999999,0.042546696910646005
2212,0.9032316699999999,0.04420084315449134
2211,0.89849814,0.04648281759626778
2210,0.89450195,0.04841870834052477
2209,0.89044718,0.05039183713828647
2208,0.88652631,0.05230837104076825
2207,0.88266952,0.05420187004159364
2206,0.8792583,0.0558835233497332
2205,0.87549456,0.05774654811773845
2204,0.87227821,0.05934497630894549
2203,0.86935571,0.060802489050362
2202,0.8667266100000001,0.06211786964271929
2201,0.86442096,0.06327471112940267
2200,0.86253968,0.06422091665045682
2199,0.8606620700000001,0.06516733628457398
2198,0.8596020799999999,0.06570254230643256
2197,0.8588560099999999,0.0660796409466107
2196,0.85870746,0.0661547641622291
2195,0.85872872,0.06614401197150055
2194,0.85923488,0.06588810142564175
2193,0.8607559899999999,0.06511994635794481
2192,0.8620666300000001,0.06445916581912263
2191,0.86396922,0.06350172953762145
2190,0.8663390400000001,0.062312114465651665
2189,0.86907691,0.060941788441318784
2188,0.8720966,0.05943540666908517
2187,0.8752539899999999,0.05786590075026707
2186,0.87912589,0.05594892991194477
2185,0.88316834,0.05395650801359267
2184,0.88720409,0.05197646476203353
2183,0.8917645000000001,0.049749820348127166
2182,0.8961888100000001,0.047600483080409504
2181,0.90053921,0.04549737299890583
2180,0.90512186,0.04329294613978682
2179,0.9093072600000001,0.04128934144834515
2178,0.91334581,0.039364759223570855
2177,0.91761016,0.03734178646739437
2176,0.92131225,0.0355931543099329
2175,0.9250723399999999,0.03382430441296669
2174,0.92831009,0.03230692908185091
2173,0.93097162,0.031063557971673608
2172,0.93356473,0.02985556426315894
2171,0.9355449299999999,0.028935350459527335
2170,0.93706775,0.028229008485257473
2169,0.93841806,0.027603642747951945
2168,0.9391811800000001,0.027250618720014143
2167,0.9398228799999999,0.026953986279665262
2166,0.93954892,0.02708060232988473
2165,0.93922467,0.02723050861758733
2164,0.9381272300000001,0.027738258060309436
2163,0.9366943000000001,0.02840212254359184
2162,0.93479882,0.0292818444909918
2161,0.9324718,0.030364293341878023
2160,0.93050741,0.03128016406003063
2159,0.9278041899999999,0.03254367052196902
2158,0.92526505,0.033733842110942706
2157,0.92228886,0.0351330370195454
2156,0.919192,0.03659376409672332
2155,0.91620411,0.038007764353957155
2154,0.9131005799999999,0.03948138135605749
2153,0.91037749,0.040778489184556524
2152,0.90786309,0.04197964018008129
2151,0.90549825,0.04311238468297388
2150,0.90322789,0.04420266066890229
2149,0.9013019099999999,0.04512970859447651
2148,0.8996425100000001,0.0459300314242244
2147,0.8981246500000001,0.04666338376662411
2146,0.8973497399999999,0.04703825868518811
2145,0.89673465,0.047336048694207856
2144,0.89657117,0.04741523035001514
2143,0.89671135,0.04734733318387623
2142,0.8971959599999999,0.04711269067718537
2141,0.8980638500000001,0.04669278502880766
2140,0.89933481,0.046078596291495535
2139,0.90066476,0.04543682941450408
2138,0.90256647,0.044520804390501
2137,0.9046977300000001,0.043496499381225184
2136,0.90693033,0.042426073974855934
2135,0.90958361,0.04115737390375309
2134,0.9122149199999999,0.03990282880558306
2133,0.91495214,0.038601622739586464
2132,0.91776578,0.03726813953113154
2131,0.92077516,0.03584640529968388
2130,0.9237495,0.03444578366861958
2129,0.92673384,0.03304497827926455
2128,0.92893868,0.03201295319319991
2127,0.93144803,0.030841371485790723
2126,0.9338687299999999,0.029714166428652076
2125,0.9362031199999999,0.028629915871975886
2124,0.93806916,0.027765141685826094
2123,0.93930816,0.02719190482452191
2122,0.94026739,0.02674862566817936
2121,0.94088202,0.02646483063787315
2120,0.9411981,0.02631895820696881
2119,0.94114801,0.026342071714615573
2118,0.94045793,0.026660627202922404
2117,0.93923662,0.027224983010978948
2116,0.93767646,0.02794698664786853
2115,0.9359857599999999,0.028730758527350114
2114,0.9339152300000001,0.029692542200320287
2113,0.93168293,0.030731861444328445
2112,0.92895946,0.032003238301796556
2111,0.92581786,0.033474445475188234
2110,0.92282963,0.034878469700453406
2109,0.9196559499999999,0.03637461500486453
2108,0.91624452,0.037988609830627844
2107,0.91300932,0.03952478916459241
2106,0.91006506,0.040927559119571216
2105,0.90713179,0.04232961314728084
2104,0.9043563,0.04366043165108324
2103,0.90165049,0.044961776959245185
2102,0.89909103,0.0461963351574438
2101,0.8971349399999999,0.04714222887361941
2100,0.8954057299999999,0.0479801307483981
2099,0.8940609399999999,0.04863287829162522
2098,0.8929714099999999,0.04916244556610407
2097,0.89210239,0.049585297126055125
2096,0.89198856,0.04964071553501249
2095,0.8922371800000001,0.04951968343423176
2094,0.89288993,0.04920207497474558
2093,0.89396619,0.04867890600732193
2092,0.89530855,0.048027268070375294
2091,0.89672011,0.0473430905688153
2090,0.89820013,0.046626886416169126
2089,0.89996314,0.045775277696699694
2088,0.90217977,0.04470691551792697
2087,0.9050871100000001,0.04330962016306042
2086,0.90782155,0.04199951212522415
2085,0.9106524400000001,0.040647344422200284
2084,0.9130968500000001,0.03948315544509172
2083,0.9156426000000001,0.038274010105678456
2082,0.91793402,0.037188534245082054
2081,0.9202184099999999,0.03610908243675927
2080,0.9226851899999999,0.034946450184180106
2079,0.9246213799999999,0.03403606860000139
2078,0.92597038,0.03340290533566379
2077,0.92691056,0.0329621700328992
2076,0.92731314,0.03277358623335893
2075,0.9271016,0.03287266941374857
2074,0.9263699599999999,0.03321553653736766
2073,0.9252199,0.03375503482138528
2072,0.92365966,0.03448802338154267
2071,0.92118413,0.03565355259316986
2070,0.91825427,0.03703704345299147
2069,0.91478042,0.03868313962383688
2068,0.91077855,0.040587206127089506
2067,0.9065425399999999,0.04261181158636411
2066,0.90192999,0.04482717214397943
2065,0.89689865,0.04725662967892682
2064,0.8918204,0.04972259757723883
2063,0.88652402,0.05230949287509722
2062,0.8811457699999999,0.05495223929531069
2061,0.8761050899999999,0.05744379649207545
2060,0.87128356,0.059840480466833504
2059,0.86646384,0.062249556915614346
2058,0.86180975,0.06458859687187254
2057,0.8574611600000001,0.06678554286501938
2056,0.85338262,0.06885620623292502
2055,0.8499630899999999,0.07059993329438093
2054,0.84740957,0.07190663571534162
2053,0.84511163,0.0730859217118275
2052,0.8429874599999999,0.0741788857469181
2051,0.8414478599999999,0.07497278974857206
2050,0.84072384,0.07534663732929668
2049,0.8404191299999999,0.07550407054632989
2048,0.84070843,0.07535459777835639
2047,0.84171263,0.07483615613388689
2046,0.84346399,0.07393345400920714
2045,0.84564976,0.07280947005067605
2044,0.8482315199999999,0.0714855933385495
2043,0.85153429,0.06979785896627491
2042,0.8555393499999999,0.0677600105590625
2041,0.8601505899999999,0.06542550842998986
2040,0.86502493,0.06297137599713265
2039,0.86972812,0.060616488113905936
2038,0.87481782,0.058082378985058844
2037,0.88023482,0.055401455774484666
2036,0.8859782800000001,0.05257692483052341
2035,0.89177369,0.04974534478790529
2034,0.8970814,0.04716814785122493
2033,0.90195778,0.04481379099704357
2032,0.9065916,0.04258830920248925
2031,0.9108922800000001,0.04053297864462925
2030,0.9144457300000001,0.03884206368226477
2029,0.9174566900000001,0.0374144281526747
2028,0.9197542300000001,0.03632820614817095
2027,0.9211724,0.035659082765196644
2026,0.9216155,0.03545022976736655
2025,0.9210747100000001,0.0357051419803221
2024,0.91983698,0.036289134567260656
2023,0.9177577800000001,0.037271925214879674
2022,0.9146879099999999,0.038727061217773584
2021,0.9108234199999999,0.040565810900549504
2020,0.9058295900000001,0.042953496675997814
2019,0.90011473,0.045702131193690536
2018,0.89406642,0.04863021636293477
2017,0.8875168600000001,0.05182338797944276
2016,0.88108206,0.054983641479503964
2015,0.87445097,0.05826453616288383
2014,0.86760705,0.06167692765408949
2013,0.86085262,0.06507119442259013
2012,0.85383128,0.06862793891769697
2011,0.8473137,0.07195577153917966
2010,0.8412031600000001,0.07509910454493529
2009,0.8353427999999999,0.07813526631636072
2008,0.8297682500000001,0.0810431869011205
2007,0.82463249,0.08373955826889952
2006,0.82009506,0.08613580415205027
2005,0.81628055,0.08816055156906986
2004,0.81321174,0.08979636025975646
2003,0.8107101,0.0911344164153818
2002,0.80901558,0.09204311467589218
2001,0.80810575,0.09253180304185742
2000,0.8078277799999999,0.09268121616570713
1999,0.80831547,0.0924191093477523
1998,0.8096816200000001,0.09168571921854397
1997,0.81199675,0.09044570900992177
1996,0.8149146500000001,0.08888787466501553
1995,0.81841521,0.08702630798884882
1994,0.82261368,0.08480407248413552
1993,0.8278044,0.08207226953873564
1992,0.83339726,0.07914793172711679
1991,0.8390960599999999,0.07618831814641733
1990,0.84527365,0.07300266922139712
1989,0.85171601,0.06970518909438247
1988,0.8580628699999999,0.06648089036368203
1987,0.86435766,0.06330651490161354
1986,0.87053296,0.060214781037016205
1985,0.8765743,0.057211266435654835
1984,0.8823631000000001,0.054352662174241805
1983,0.88751145,0.05182603529851244
1982,0.8919757300000001,0.049646962294809346
1981,0.89581619,0.047781092857925866
1980,0.89881362,0.04633035520481492
1979,0.9007809,0.04538083109901991
1978,0.90211783,0.044736733437343
1977,0.90268604,0.04446327383342997
1976,0.90253635,0.044535297692102675
1975,0.90133876,0.0451119526967796
1974,0.8992574600000001,0.046115950703338876
1973,0.89647126,0.04746362893892288
1972,0.89301384,0.04914181032863989
1971,0.88906396,0.05106699440000988
1970,0.88433843,0.053381501780871435
1969,0.87938087,0.055822986230304614
1968,0.87451367,0.05823339743840168
1967,0.86966703,0.060646994177936724
1966,0.8644067599999999,0.06328184542227853
1965,0.85919151,0.06591002305323516
1964,0.8541732799999999,0.0684540181703239
1963,0.849925,0.07061939607774381
1962,0.84550286,0.07288491901819984
1961,0.84181218,0.07478479482876435
1960,0.8390354499999999,0.07621968945242374
1959,0.83680318,0.07737667807786658
1958,0.83479485,0.07842023883931099
1957,0.83373982,0.07896945579781342
1956,0.8335693000000001,0.07905828862961888
1955,0.83404499,0.07881052204601659
1954,0.83526223,0.07817715665645392
1953,0.8375752799999999,0.07697614880535719
1952,0.8402463299999999,0.07559337575134947
1951,0.8437164300000001,0.07380349363445389
1950,0.84778476,0.07171439468852565
1949,0.85289825,0.06910277668629952
1948,0.8577928300000001,0.06661758820238879
1947,0.8636763999999999,0.06364894735814727
1946,0.86994587,0.06050776932582048
1945,0.87592969,0.05753075281651587
1944,0.88261566,0.05422837125631811
1943,0.8888549299999999,0.05116911444213456
1942,0.8944466400000001,0.04844556302817311
1941,0.90050651,0.045513143203295525
1940,0.90615426,0.04279786351078118
1939,0.91134842,0.04031555501984368
1938,0.91514534,0.03850992741173386
1937,0.9182397299999999,0.03704392029742119
1936,0.92081806,0.03582617147923465
1935,0.92284746,0.03487007877372572
1934,0.92383748,0.034404422445618615
1933,0.92387825,0.034385256958479445
1932,0.92289867,0.03484597987944928
1931,0.9209615,0.03575852472935959
1930,0.9185969,0.03687502453443062
1929,0.9154174500000001,0.038380813160109495
1928,0.91113461,0.04041745610981079
1927,0.9063536000000001,0.04270233591139004
1926,0.90115215,0.04520187680469924
1925,0.89559104,0.04789025999924122
1924,0.8902391000000001,0.05049333508008644
1923,0.88507137,0.05302170744066596
1922,0.8798532,0.055589782109188086
1921,0.87402038,0.05847844057114665
1920,0.86801164,0.06147445091351471
1919,0.86280961,0.06408502635724368
1918,0.8585668200000001,0.06622589918915257
1917,0.8546651,0.06820402996724137
1916,0.8523919,0.06936068589591347
1915,0.8508505100000001,0.07014673649009381
1914,0.8495580699999999,0.07080693036923982
1913,0.84850831,0.07134389999395185
1912,0.8480137499999999,0.0715971058792373
1911,0.84857252,0.07131103644590704
1910,0.8498146,0.07067581190857998
1909,0.8519740400000001,0.0695736381634812
1908,0.8550977500000001,0.06798423631386304
1907,0.85845625,0.06628183313875342
1906,0.86362292,0.06367584028704576
1905,0.86854471,0.061207820502425646
1904,0.87408897,0.058444360027467855
1903,0.8796098000000001,0.05570994067753482
1902,0.88543341,0.05284409484317869
1901,0.8916119899999999,0.049824099954220435
1900,0.89838579,0.04653712604022543
1899,0.90473336,0.04347939575956453
1898,0.91147862,0.04025351387123316
1897,0.9170117000000001,0.037625123203454604
1896,0.92192554,0.035304153645905514
1895,0.92662632,0.033095368207519654
1894,0.93123841,0.030939119349012275
1893,0.93532496,0.029037475955410383
1892,0.93876062,0.027445136878524307
1891,0.94156481,0.02614978116335194
1890,0.94328294,0.02535802004114664
1889,0.94432993,0.02487624537912305
1888,0.94519358,0.024479236870437533
1887,0.9453538,0.02440562574300084
1886,0.9447219099999999,0.024696012365020416
1885,0.94388339,0.025081656345680957
1884,0.9421320299999999,0.02588823108985855
1883,0.93963933,0.02703881347329821
1882,0.9376796500000001,0.02794550916912206
1881,0.93537789,0.029012899944385113
1880,0.9324499799999999,0.03037445602612271
1879,0.9303387399999999,0.03135889431987858
1878,0.92809292,0.032408540351125004
1877,0.92557293,0.033589355572664896
1876,0.9233432,0.03463684484366858
1875,0.92172766,0.035397379630498556
1874,0.9197775699999999,0.036317185481707794
1873,0.91877617,0.03679027748627906
1872,0.91741262,0.03743528997396832
1871,0.9165712899999999,0.03783375039676563
1870,0.91627521,0.03797406319581387
1869,0.91721337,0.03752962328913021
1868,0.91719493,0.03753835459529209
1867,0.91834665,0.03699335391343482
1866,0.9192561600000001,0.03656345121156667
1865,0.92060239,0.03592790195729071
1864,0.92219915,0.0351752824099096
1863,0.92407018,0.03429504433256608
1862,0.92634851,0.03322559269731649
1861,0.9278213200000001,0.03253565223979389
1860,0.9292377,0.03187317880095445
1859,0.93090275,0.031095686735530342
1858,0.93208937,0.03054244490237975
1857,0.9335057299999999,0.029883011941208366
1856,0.93438535,0.029473979375550935
1855,0.93468563,0.029334434168821633
1854,0.93539915,0.02900302907202758
1853,0.9356887899999999,0.0288685735479936
1852,0.9359621699999999,0.028741704351926144
1851,0.93591637,0.028762956465084175
1850,0.93613539,0.0286613362215708
1849,0.93581314,0.028810861057251804
1848,0.93616199,0.028648996052383146
1847,0.93509638,0.029143624266536532
1846,0.93425426,0.02953491318367683
1845,0.9341959900000001,0.029562001236429287
1844,0.9327405299999999,0.030239151603264965
1843,0.9328901999999999,0.03016946915839453
1842,0.93338656,0.029938456889752968
1841,0.9325939700000001,0.030307396949500322
1840,0.9330452300000001,0.030097303023809203
1839,0.93350285,0.029884351804475465
1838,0.9329014499999999,0.030164231903825965
1837,0.93367243,0.029805465093374995
1836,0.93455981,0.029392899398294776
1835,0.9353439,0.029028681734622915
1834,0.93605177,0.028700131172606492
1833,0.93662385,0.028434787626417768
1832,0.93757335,0.027994745729176426
1831,0.9380592,0.027769752855436883
1830,0.93850945,0.027561350040832457
1829,0.93817966,0.027713986913821174
1828,0.93795598,0.02781754338180914
1827,0.93708279,0.02822203808574197
1826,0.93586258,0.028787917425552322
1825,0.93349955,0.029885887069550966
1824,0.9304058399999999,0.03132757227808783
1823,0.9285529499999999,0.03219332591758478
1822,0.9263587200000001,0.03322080602990511
1821,0.92256046,0.035005162747258366
1820,0.91802099,0.037147388802068845
1819,0.91207748,0.03996826725580703
1818,0.90740934,0.042196754836824925
1817,0.90235806,0.0446210981278527
1816,0.89798573,0.046730564704074426
1815,0.89299969,0.04914869187440179
1814,0.8876850500000001,0.05174109425418435
1813,0.88298486,0.05404674293978851
1812,0.87836972,0.056322644050149785
1811,0.87437128,0.05830411585977625
1810,0.87050743,0.060227517718126525
1809,0.8674068699999999,0.06177714249245021
1808,0.86521687,0.06287502127584635
1807,0.86348277,0.06374632395475036
1806,0.8619986000000001,0.06449343952652663
1805,0.8620197500000001,0.06448278380665831
1804,0.8627481899999999,0.06411594316233686
1803,0.8640748600000001,0.06344863034917313
1802,0.8659790900000001,0.06249259436516161
1801,0.86865929,0.06115053136216506
1800,0.87245361,0.059257656009620144
1799,0.87662295,0.05718716369815623
1798,0.88138562,0.05483403937817048
1797,0.88630022,0.05241914289383372
1796,0.8909203800000001,0.05016110636908972
1795,0.89577286,0.047802099885072565
1794,0.90018998,0.04566582549543767
1793,0.9044847199999999,0.043598765537983176
1792,0.9079143999999999,0.041955095708090556
1791,0.91057277,0.04068534108642979
1790,0.91209243,0.039961148727572365
1789,0.9126772,0.03968279864030549
1788,0.91171032,0.04014312922618515
1787,0.9091227399999999,0.04137747903744772
1786,0.9051467599999999,0.04328099881607961
1785,0.89963794,0.04593223755699524
1784,0.89315547,0.04907293765542072
1783,0.88543622,0.052842716574023826
1782,0.87661359,0.057191800832117216
1781,0.86765885,0.061650999115795455
1780,0.8574951900000001,0.06676830739284993
1779,0.8465980500000001,0.0723227361870912
1778,0.8357237399999999,0.0779372608643432
1777,0.82537755,0.08334734796613218
1776,0.81512608,0.08877521136632151
1775,0.80606218,0.09363145523052852
1774,0.79730006,0.09837820322425485
1773,0.78948044,0.10265862551040243
1772,0.78243206,0.10655336272476228
1771,0.7765652799999999,0.10982203053152266
1770,0.77146529,0.11268360907014843
1769,0.76774851,0.1147810177366108
1768,0.7653035300000001,0.1161662834613675
1767,0.76388422,0.11697246135300991
1766,0.76367123,0.11709357038679327
1765,0.7651188600000001,0.11627109264723196
1764,0.7677226,0.11479567456727845
1763,0.7714207399999999,0.11270868910690808
1762,0.77619742,0.110027805143576
1761,0.7821637800000001,0.10670229898263556
1760,0.78901106,0.10291690900438899
1759,0.7964667799999999,0.09883233356474491
1758,0.80468721,0.09437290145739591
1757,0.81302904,0.08989394187639448
1756,0.82153169,0.08537567930538549
1755,0.82988072,0.08098432493532252
1754,0.8374974199999999,0.07701652217946248
1753,0.8446715399999999,0.07331213850254423
1752,0.8508545200000001,0.07014468969485997
1751,0.8552284299999999,0.06791787048999956
1750,0.8584272199999999,0.06629651971362142
1749,0.8601381,0.06543181474137882
1748,0.86022211,0.0653893991132544
1747,0.8587870200000001,0.06611452826114489
1746,0.85582717,0.06761393005848108
1745,0.8515460400000001,0.06979186634211904
1744,0.84571681,0.0727750370122758
1743,0.8394091899999999,0.07602628036584327
1742,0.83216865,0.0797886492598025
1741,0.82467722,0.08371600175666596
1740,0.81698801,0.08778431706495028
1739,0.80974441,0.09165204142156264
1738,0.8023871499999999,0.09561603503347425
1737,0.7958030599999999,0.09919439524924402
1736,0.79007589,0.10233119095604361
1735,0.78522625,0.10500519042761747
1734,0.7809847999999999,0.10735741854313958
1733,0.7780716700000001,0.10898039728802958
1732,0.77600848,0.11013353286928053
1731,0.7748632499999999,0.11077493621720862
1730,0.77528175,0.11054043912810753
1729,0.7766916899999999,0.10975134143546329
1728,0.7792928,0.10829933625243118
1727,0.78273285,0.10638643917825896
1726,0.7869305799999999,0.10406357774601428
1725,0.7916460200000001,0.10146896730656389
1724,0.79710076,0.09848677678945676
1723,0.8033503399999999,0.09509501817386905
1722,0.80957892,0.0917408086155243
1721,0.8158479900000001,0.08839075209664649
1720,0.8217778800000001,0.08524555292962334
1719,0.82658944,0.08271014729895577
1718,0.83070065,0.08055544971135774
1717,0.8341401399999999,0.07876097943919827
1716,0.83629987,0.07763797072482023
1715,0.83724155,0.07714922695547803
1714,0.8368217099999999,0.07736706125536583
1713,0.83459185,0.07852586059880014
1712,0.83115341,0.08031880898673059
1711,0.8266994099999999,0.08265237232001571
1710,0.82119756,0.08555234970586627
1709,0.81507126,0.08880442012887158
1708,0.80845295,0.09234524990718267
1707,0.80174989,0.09596109098467479
1706,0.79493577,0.09966796047746096
1705,0.78818359,0.1033726113971314
1704,0.7818053399999999,0.10690136751260633
1703,0.7761980900000001,0.11002743026835765
1702,0.77125731,0.1128007066830225
1701,0.7675511500000001,0.1148926732806764
1700,0.7646312500000001,0.11654795661097153
1699,0.7626512700000001,0.11767400219684339
1698,0.76158406,0.11828215433798177
1697,0.76162855,0.11825678458804863
1696,0.76257732,0.11771611532948792
1695,0.7647242900000001,0.1164951150609339
1694,0.76741782,0.11496812038683882
1693,0.77034949,0.11331220061537309
1692,0.77384951,0.11134348806534204
1691,0.7774551099999999,0.1093246775964472
1690,0.7811751499999999,0.10725158052694997
1689,0.7847071800000001,0.10529237361720781
1688,0.78797944,0.10348511399653114
1687,0.7905805300000001,0.10205388543661408
1686,0.79213859,0.10119882900808873
1685,0.79257384,0.10096026625761985
1684,0.79212107,0.10120843455384029
1683,0.7905570799999999,0.10206676756089857
1682,0.78768093,0.10364966880772304
1681,0.78353702,0.10594047947375353
1680,0.7782881399999999,0.10885958752861573
1679,0.77201503,0.11237424450555566
1678,0.7651498499999999,0.11625350255222706
1677,0.75799064,0.12033615719307662
1676,0.75061305,0.12458388930513573
1675,0.74330416,0.12883343660376512
1674,0.7362619100000001,0.13296766686637848
1673,0.7300937399999999,0.13662137528899182
1672,0.7248400599999999,0.13975781235639534
1671,0.72026345,0.14250862307706386
1670,0.71679542,0.14460477828326623
1669,0.71453479,0.14597662098470354
1668,0.7135514000000001,0.1465747374304107
1667,0.71392961,0.1463446054444951
1666,0.7154193200000001,0.14543933584473007
1665,0.7181839499999999,0.14376430472974752
1664,0.72215777,0.14136791163365453
1663,0.72696212,0.1384882184443696
1662,0.7324169500000001,0.13524161356983858
1661,0.73840998,0.1317024422236945
1660,0.7442692599999999,0.12826991797986953
1659,0.74999457,0.1249418809117313
1658,0.75543443,0.12180322546790587
1657,0.7597322900000001,0.11933941490043118
1656,0.76304863,0.11744778305737705
1655,0.7651894699999999,0.1162310150592221
1654,0.76554608,0.11602866298345905
1653,0.76414203,0.1168259122195223
1652,0.7608934,0.11867618295952466
1651,0.75575244,0.12162044199754826
1650,0.7490608799999999,0.12548288353741144
1649,0.7410766,0.1301368996617433
1648,0.73207341,0.1354453670845421
1647,0.72169372,0.1416470738087983
1646,0.71080538,0.1482492937318595
1645,0.70001684,0.15489151222702108
1644,0.6889530700000001,0.16181036029003723
1643,0.67853477,0.16842789298252636
1642,0.66871729,0.17475744776687485
1641,0.65983541,0.18056438179619547
1640,0.65217779,0.1856339952336553
1639,0.64597438,0.18978470622360025
1638,0.64147913,0.19281746847576536
1637,0.63861414,0.19476146967382355
1636,0.6375555700000001,0.19548195568997925
1635,0.63816252,0.19506870599516601
1634,0.64033793,0.19359077226327345
1633,0.6444136500000001,0.19083526890941063
1632,0.64967567,0.1873033970219099
1631,0.6561170300000001,0.18301868966376245
1630,0.6637821700000001,0.177974417451083
1629,0.6720720099999999,0.17258419142510287
1628,0.68088797,0.16692433891428599
1627,0.6899014800000001,0.16121292338918766
1626,0.69853768,0.15581016252801402
1625,0.7066050199999999,0.15082328149138738
1624,0.71367474,0.14649967450936405
1623,0.71919315,0.14315445772000063
1622,0.7229445800000001,0.14089499388485704
1621,0.7248647300000001,0.13974303135416155
1620,0.72507895,0.13961470283233893
1619,0.72333699,0.14065932538798814
1618,0.71994036,0.14270347911832382
1617,0.71524225,0.14554683929057063
1616,0.70954693,0.149018874673035
1615,0.70325058,0.15288990098189317
1614,0.69646542,0.15710044173248403
1613,0.6896734800000001,0.16135647360667707
1612,0.68334195,0.16536191735094424
1611,0.6776915099999999,0.1689679550907512
1610,0.67306306,0.17194424435396025
1609,0.66963949,0.17415894303243867
1608,0.6677199,0.17540568033173626
1607,0.66741979,0.17560092000610936
1606,0.66862027,0.1748204614022777
1605,0.67151678,0.1729431306194575
1604,0.67586977,0.17013697805094577
1603,0.6818321500000001,0.16632252461137523
1602,0.6893296800000001,0.16157302198060802
1601,0.69785072,0.1562374690873589
1600,0.7072341600000001,0.15043677070254474
1599,0.71707292,0.1444366781629542
1598,0.72670855,0.13863973013840847
1597,0.73562557,0.13334318329896927
1596,0.7432718,0.12885234417366365
1595,0.74878394,0.12564347896569988
1594,0.75185463,0.12386612149853789
1593,0.75230586,0.12360555528070331
1592,0.74972263,0.12509937999582954
1591,0.74433475,0.12823170506972395
1590,0.73624675,0.13297660929846705
1589,0.72575519,0.13920984977076098
1588,0.7134986000000001,0.14660687470472475
1587,0.69992626,0.15494771221718592
1586,0.68559639,0.16393147785149662
1585,0.67162139,0.1728754807724671
1584,0.65831618,0.18156547074968996
1583,0.6462009999999999,0.1896323742444877
1582,0.63545328,0.19691637427451894
1581,0.62614194,0.2033272054936802
1580,0.6190454,0.20827749920855404
1579,0.61413823,0.2117338670189668
1578,0.61121163,0.21380839069419394
1577,0.61050313,0.21431210512082888
1576,0.61213185,0.21315502301774308
1575,0.61602994,0.21039817994465634
1574,0.62197491,0.20622713406854665
1573,0.63019434,0.20052550169804917
1572,0.6399503599999999,0.19385371228827813
1571,0.6510206,0.18640526899742885
1570,0.6635124600000001,0.17815091717266526
1569,0.6765986100000001,0.16966889875901944
1568,0.68957572,0.1614180384473483
1567,0.70216869,0.1535585398142575
1566,0.7135844299999999,0.14655463458324194
1565,0.72391616,0.1403117284958876
1564,0.73187073,0.13556562140811834
1563,0.73660636,0.13276453568341298
1562,0.73807946,0.13189688047793136
1561,0.73622613,0.13298877271735107
1560,0.73169267,0.13567129564926053
1559,0.7241939700000001,0.14014509565630143
1558,0.71486246,0.14577750870100784
1557,0.7035549299999999,0.15270198939540905
1556,0.69177302,0.1600363800111813
1555,0.6800300300000001,0.1674719085065222
1554,0.6689003099999999,0.1746386027747427
1553,0.65865935,0.18133913876806557
1552,0.6498211,0.18720619101382283
1551,0.6434138199999999,0.19150961504536243
1550,0.63872857,0.19468365763902962
1549,0.63606327,0.1964996823937265
1548,0.63580745,0.1966743875962469
1547,0.63767292,0.19540202576684026
1546,0.6418801000000001,0.19254608839760112
1545,0.64789286,0.18849680610141972
1544,0.65572992,0.18327499965749974
1543,0.66473171,0.17735360338391196
1542,0.6743881500000001,0.1710900695144308
1541,0.6849780599999999,0.16432333883389572
1540,0.6947573300000001,0.15816686252574805
1539,0.70365412,0.15264076513063987
1538,0.71092081,0.14817877296279888
1537,0.7164649300000001,0.144805062880364
1536,0.7197933500000001,0.14279217000826125
1535,0.72059983,0.14230584466983473
1534,0.7190105800000001,0.14326471907217628
1533,0.71503374,0.1456734648421373
1532,0.70904287,0.149327505802007
1531,0.70187863,0.1537379802895443
1530,0.69380307,0.158763782785816
1529,0.68461247,0.1645551945892214
1528,0.67577362,0.17019876567157766
1527,0.66720326,0.1757418403730873
1526,0.66042777,0.18017467359186226
1525,0.65478937,0.18389837963855596
1524,0.65079225,0.1865576275272432
1523,0.64886487,0.1878457382131798
1522,0.64908012,0.18770169221923258
1521,0.6515812599999999,0.18603141484177751
1520,0.65601986,0.18308301282273365
1519,0.6629884800000001,0.1784940177730513
1518,0.67069355,0.17347587021053035
1517,0.67983541,0.16759621844213626
1516,0.68966577,0.16136132870009307
1515,0.6990549300000001,0.1554886971318553
1514,0.70734198,0.15037056623350925
1513,0.71392283,0.14634872984349437
1512,0.7179091099999999,0.14393053559623964
1511,0.71831849,0.1436829543913991
1510,0.71492941,0.14573683702536783
1509,0.70767442,0.1501665023651043
1508,0.69723174,0.15662285077447188
1507,0.6834136700000001,0.16531633846351923
1506,0.6675444,0.17551984302149426
1505,0.65118462,0.18629586537931328
1504,0.63379622,0.19805035529724396
1503,0.6165492,0.21003226142681725
1502,0.60052242,0.22147077393880563
1501,0.58539993,0.23254733383358242
1500,0.57270195,0.24207133814946466
1499,0.5624344,0.24992812455777172
1498,0.5543946,0.25618100855790865
1497,0.54848145,0.26083805596323556
1496,0.54524119,0.26341134301711483
1495,0.54459649,0.26392516207527544
1494,0.54611686,0.26271441549533686
1493,0.54968158,0.25988881613303505
1492,0.55491336,0.25577481905962834
1491,0.5623056900000001,0.2500275218203157
1490,0.57023094,0.2439492221252534
1489,0.57902997,0.2372989570518826
1488,0.5875170700000001,0.2309795106747644
1487,0.596247,0.2245737930867956
1486,0.60296563,0.21970744263059128
1485,0.60813671,0.21599877973282275
1484,0.61018846,0.21453601007563816
1483,0.60943901,0.2150697501699469
1482,0.60582315,0.2176541352204607
1481,0.59946861,0.2222335529499539
1480,0.5903892,0.2288615956689324
1479,0.5797256000000001,0.2367775212727412
1478,0.5685763500000001,0.2452112087998276
1477,0.55702587,0.25412463438220617
1476,0.54592325,0.2628684093912612
1475,0.53510345,0.27156224896756453
1474,0.52751746,0.27776316132664214
1473,0.52129125,0.2829195647499598
1472,0.51752653,0.2860673820308947
1471,0.5161894499999999,0.28719087591304454
1470,0.51760821,0.2859988437585622
1469,0.5220244,0.28230919711708297
1468,0.52863444,0.2768445464356249
1467,0.53868662,0.26866381140844064
1466,0.5508563399999999,0.25896164775461694
1465,0.56548075,0.24758217466615234
1464,0.58152868,0.23542886174620803
1463,0.59862644,0.2228441052497297
1462,0.61617443,0.21029632799297426
1461,0.6332840000000001,0.1984014843388421
1460,0.6472859,0.1889038532306249
1459,0.65918894,0.18099008792693724
1458,0.6670918899999999,0.17581433914003838
1457,0.6702741,0.1737475618152837
1456,0.66924692,0.17441361884119005
1455,0.66360141,0.17809269987105109
1454,0.65483334,0.1838692171504124
1453,0.6421811099999999,0.19234247351791445
1452,0.62835016,0.2017982699964704
1451,0.61286251,0.21263694447936024
1450,0.59727201,0.2238278371487517
1449,0.5820891,0.23501053308786346
1448,0.5688590099999999,0.2449953588533626
1447,0.55675445,0.25433630307215316
1446,0.5483959,0.26090580080818504
1445,0.54188859,0.26608999339101846
1444,0.53678846,0.27019682929993005
1443,0.53504233,0.2716118573092669
1442,0.53586283,0.2709463666469043
1441,0.5396596499999999,0.26788005263600795
1440,0.54541776,0.2632707245821044
1439,0.55430243,0.25625321750481855
1438,0.56438987,0.2484207898195023
1437,0.57618919,0.2394348938643327
1436,0.58920193,0.22973583924458443
1435,0.60290283,0.21975267757021014
1434,0.61719516,0.20957748830158898
1433,0.63141256,0.19968678341237955
1432,0.64420615,0.19097513344629546
1431,0.65645792,0.18279310765145215
1430,0.6675917,0.17548907143348522
1429,0.67713561,0.16932434641548097
1428,0.6853365499999999,0.16409610600541505
1427,0.6926001100000001,0.15951744381111868
1426,0.69860102,0.15577078460153818
1425,0.70401773,0.15241640343714302
1424,0.70812456,0.14989034264549334
1423,0.7118976600000001,0.14758243458197287
1422,0.71504034,0.14566945617766222
1421,0.7175829899999999,0.14412786460818605
1420,0.71965368,0.14287644947004577
1419,0.7210790699999999,0.14201711006301826
1418,0.72127443,0.141899463771033
1417,0.7203008099999999,0.1424860968457835
1416,0.71784484,0.14396941705830424
1415,0.7142258800000001,0.14616441718222223
1414,0.70884872,0.1494464405284461
1413,0.70045018,0.15462274877296384
1412,0.69049583,0.1608389398419871
1411,0.67995806,0.16751787387066266
1410,0.669063,0.17453298647109522
1409,0.6571686800000001,0.18232314278307954
1408,0.6449220699999999,0.19049276073483878
1407,0.63213971,0.19918692713436795
1406,0.62156387,0.20651423795821025
1405,0.61241576,0.2129536416299399
1404,0.6050240800000001,0.21822734005329855
1403,0.5993318200000001,0.22233266392948087
1402,0.59554191,0.22508767055184478
1401,0.59603717,0.22472665599376274
1400,0.59855107,0.2228987884940621
1399,0.60240826,0.22010908188068462
1398,0.60649864,0.21717016864927569
1397,0.6135956,0.2121177633070737
1396,0.62481112,0.20425124975869527
1395,0.6359153200000001,0.19660071218997063
1394,0.6479528999999999,0.18845656205152278
1393,0.65772835,0.18195343838521497
1392,0.6674897,0.17555543148799624
1391,0.6774569800000001,0.16911827822745426
1390,0.6844258499999999,0.16467359600360235
1389,0.68956158,0.16142694390436746
1388,0.69303849,0.1592426448536867
1387,0.69277628,0.1594069905655725
1386,0.6910866900000001,0.16046747125504818
1385,0.6878631199999999,0.16249797476301295
1384,0.6843280199999999,0.1647356773319816
1383,0.6805894000000001,0.16711481920929147
1382,0.67598703,0.17006163668183671
1381,0.67061617,0.1735259790057562
1380,0.66750416,0.175546023357522
1379,0.66592487,0.17657476540168254
1378,0.66528099,0.17699488607755526
1377,0.66550765,0.17684694795235448
1376,0.66603454,0.1765032480933016
1375,0.66704744,0.17584327823102175
1374,0.6667021900000001,0.17606811829073532
1373,0.66613598,0.17643710816351332
1372,0.66517932,0.1770612611805616
1371,0.6635514,0.17812543018949908
1370,0.66106863,0.17975345112997612
1369,0.65652671,0.18274760046613586
1368,0.65216104,0.18564514944053004
1367,0.6469823100000001,0.18910759378943703
1366,0.64178486,0.19261053232622932
1365,0.63765273,0.19541577661642187
1364,0.63400861,0.19790484424744886
1363,0.63100639,0.19996624277220826
1362,0.62987578,0.20074509083187062
1361,0.63042437,0.20036700688912953
1360,0.6324446300000001,0.19897749060759842
1359,0.63543774,0.19692699506913142
1358,0.64236338,0.19221922538386527
1357,0.65028047,0.18689928904699551
1356,0.65844054,0.18148343758272797
1355,0.66779608,0.17535613460684382
1354,0.6741463600000001,0.17124580607604784
1353,0.6787317199999999,0.16830185391880323
1352,0.6804497700000001,0.16720392838418893
1351,0.67951161,0.1678031185990954
1350,0.67515263,0.17059803624510111
1349,0.6673791099999999,0.17562739155853468
1348,0.65622327,0.18294837338092307
1347,0.64277863,0.1919385703457712
1346,0.62809527,0.201974477127107
1345,0.61296904,0.21256146038650328
1344,0.59957785,0.2221544195203212
1343,0.58873098,0.23008311029103193
1342,0.58015183,0.23645833350243686
1341,0.57397994,0.24110328547579296
1340,0.5711282,0.24326639560124405
1339,0.57178276,0.24276894332875032
1338,0.5760131,0.23956763950557555
1337,0.5832957799999999,0.23411116557125886
1336,0.5933467,0.22669146869584622
1335,0.6057325800000001,0.21771906669711544
1334,0.61934285,0.20806887175084623
1333,0.63333413,0.198367107470434
1332,0.6463913499999999,0.1895044639172637
1331,0.6572393700000001,0.18227642931848176
1330,0.66368144,0.1780403273305201
1329,0.66559085,0.1767926570025241
1328,0.6622382299999999,0.17898575170415765
1327,0.65378942,0.1845621117042526
1326,0.6413093499999999,0.19293242821966347
1325,0.6253624099999999,0.20386822737867838
1324,0.60799434,0.21610046368484595
1323,0.59035558,0.22888632748351728
1322,0.57363548,0.24136399490705673
1321,0.55933608,0.25232716558231805
1320,0.548023,0.2612012142100264
1319,0.54023965,0.26741354465007955
1318,0.53685521,0.270142827851378
1317,0.53733988,0.2697509260026597
1316,0.5417929300000001,0.2661666664900425
1315,0.55008505,0.25957015797830485
1314,0.5613275999999999,0.25078360336555483
1313,0.57501236,0.24032281996757976
1312,0.58998989,0.2291554303151969
1311,0.6059616,0.21755489635599878
1310,0.62075968,0.2070764994209104
1309,0.63343472,0.1982981356417907
1308,0.6428212000000001,0.19190980880478467
1307,0.6481236199999999,0.18834215097588766
1306,0.6493802700000001,0.1875009105980619
1305,0.6470775999999999,0.1890436339666568
1304,0.64168768,0.19267629880976003
1303,0.63454174,0.19753980484515996
1302,0.62666009,0.20296796326188193
1301,0.61947897,0.20797343241621363
1300,0.6140144399999999,0.2118214152780882
1299,0.6104305800000001,0.2143637181845703
1298,0.60894899,0.2154190855105719
1297,0.60979308,0.21481750836497568
1296,0.61326219,0.21235381043161605
1295,0.61850645,0.2086557670376054
1294,0.62506672,0.20407362332582424
1293,0.6323633399999999,0.19903331536411475
1292,0.63943936,0.19420063471321924
1291,0.6453083599999999,0.19023270855109503
1290,0.6491587,0.18764911813208643
1289,0.65073177,0.18659798964101254
1288,0.6497746200000001,0.1872372560707737
1287,0.6462773900000001,0.1895810375942691
1286,0.64090283,0.1932078107210194
1285,0.63420311,0.19777163261399627
1284,0.62709085,0.20266953605051602
1283,0.6204061200000001,0.20732392673670494
1282,0.61514454,0.21102282642135445
1281,0.61213132,0.21315539904159325
1280,0.61146349,0.21362946923260528
1279,0.61321013,0.21239067937740927
1278,0.61742675,0.20941455864769412
1277,0.62343409,0.20520945375295196
1276,0.63003365,0.20063625432571494
1275,0.6363260900000001,0.19632026989477702
1274,0.64152013,0.1927897115248158
1273,0.64419855,0.19098025705080032
1272,0.6433111300000001,0.19157893475575005
1271,0.63861131,0.1947633942414616
1270,0.6300401999999999,0.2006317393064461
1269,0.61849148,0.2086662785966578
1268,0.6049763699999999,0.2182615882880697
1267,0.59099755,0.22841431949723218
1266,0.57756756,0.23839720759326044
1265,0.56570212,0.24741219371393686
1264,0.55713797,0.2540372425465752
1263,0.5520490800000001,0.2580223095432113
1262,0.55027517,0.2594200833641551
1261,0.5523332,0.25779885113907874
1260,0.55827695,0.2531503028220769
1259,0.56711362,0.2463299224198495
1258,0.5782392399999999,0.23789243992717127
1257,0.59098744,0.22842174889312006
1256,0.60409072,0.21889783582118438
1255,0.61625162,0.21024192604147068
1254,0.62611405,0.20334655053686468
1253,0.63183448,0.19939667778962156
1252,0.63267248,0.19882105607993397
1251,0.6288452999999999,0.20145618065916412
1250,0.62052627,0.2072398279049165
1249,0.60887426,0.21547238524298112
1248,0.5952393699999999,0.22530835164179638
1247,0.58145884,0.23548102245495334
1246,0.56875129,0.24507760529879372
1245,0.5579563000000001,0.25339981434568126
1244,0.55008644,0.25956906056879125
1243,0.5457941000000001,0.26297116333686704
1242,0.54549042,0.2632128721657777
1241,0.54894134,0.2604740618803823
1240,0.55591423,0.2549922089774852
1239,0.56552374,0.24754915920078308
1238,0.57710729,0.23874343966330647
1237,0.58991432,0.2292110613295863
1236,0.60252709,0.22002342215885493
1235,0.61356229,0.21214134030448153
1234,0.62226015,0.20602801066466472
1233,0.6278247499999999,0.20216156761565807
1232,0.62984518,0.20076618980786742
1231,0.62875624,0.20151769182210838
1230,0.62542581,0.20382420030880996
1229,0.62078032,0.20706205955089843
1228,0.61565018,0.21066598921590424
1227,0.61113753,0.21386104540563244
1226,0.60774165,0.21628099938522025
1225,0.6056749,0.2177604237237951
1224,0.60528052,0.21804330294626645
1223,0.60639866,0.21724176706473763
1222,0.60895722,0.21541321602151478
1221,0.61212546,0.21315955661001446
1220,0.6156872099999999,0.21063986814656893
1219,0.61899906,0.20831001049058145
1218,0.6215237100000001,0.2065422991611052
1217,0.62315401,0.20540460594562604
1216,0.62384938,0.20492025219389595
1215,0.62381098,0.20494698528351715
1214,0.62343901,0.20520602641323155
1213,0.62307433,0.20546014084762518
1212,0.62289151,0.20558758851144132
1211,0.62311689,0.20543047674333625
1210,0.62380906,0.20494832198119517
1209,0.62509718,0.20405246032484267
1208,0.62669993,0.20294035380906908
1207,0.62796629,0.2020636690970814
1206,0.6287221199999999,0.20154125982645352
1205,0.62844885,0.20173006414626513
1204,0.6263787700000001,0.20316297034362837
1203,0.62202777,0.20619022609930143
1202,0.61612023,0.21033453113009462
1201,0.60895751,0.21541300920013942
1200,0.60048133,0.22150049101548977
1199,0.59093987,0.22845670770715287
1198,0.58236974,0.23480119910099442
1197,0.57539335,0.2400351616931618
1196,0.5700644,0.2440760794419384
1195,0.56705341,0.24637603356589463
1194,0.56624427,0.24699617971636956
1193,0.56744083,0.24607941791323276
1192,0.57029024,0.24390406090729153
1191,0.574476,0.24072811020508844
1190,0.57914656,0.23721151892392098
1189,0.5836298,0.2338625412385792
1188,0.58691675,0.23142349599201784
1187,0.58864956,0.23014317626897468
1186,0.58889534,0.22996188229145886
1185,0.58757675,0.23093539726992626
1184,0.5851194799999999,0.23275544296657052
1183,0.58183288,0.2352017399485685
1182,0.57861516,0.2376101918112745
1181,0.576095,0.2395058940528219
1180,0.5744443499999999,0.24075203774776927
1179,0.57388505,0.2411750886997621
1178,0.57429793,0.24086274908745223
1177,0.57526318,0.24013342231477494
1176,0.5764904,0.23920792039311584
1175,0.57746177,0.2384767623061594
1174,0.5774310100000001,0.23849989674512692
1173,0.57593178,0.2396289563757491
1172,0.5726329,0.2421237036808405
1171,0.56751608,0.24602182866112435
1170,0.56139017,0.2507351961763449
1169,0.55481252,0.25585374712008896
1168,0.5481052900000001,0.2611360063446533
1167,0.54283697,0.2653305823088373
1166,0.53918006,0.2682661772889393
1165,0.53825881,0.26900885309189165
1164,0.54047493,0.26722444604956547
1163,0.54574129,0.26301318687878306
1162,0.55385638,0.25660283718453725
1161,0.5638839,0.24881030520057648
1160,0.57546907,0.2399780136315939
1159,0.58701959,0.2313474052482332
1158,0.59728757,0.22381652315110445
1157,0.60444584,0.218642607032984
1156,0.60877713,0.21554167112145697
1155,0.60993065,0.2147195420949765
1154,0.60826094,0.215910071235771
1153,0.60500955,0.21823777000940214
1152,0.60111198,0.2210446165729784
1151,0.59771547,0.2235055036632397
1150,0.59608059,0.22469501974599376
1149,0.5965527199999999,0.2243511697751221
1148,0.59929153,0.22236186029826926
1147,0.60382472,0.21908911135294454
1146,0.6097604799999999,0.21484072669761448
1145,0.61539802,0.21084390539837108
1144,0.61979273,0.20775352222290652
1143,0.62215835,0.20609906582553927
1142,0.6218318899999999,0.20632700938210113
1141,0.61909958,0.20823949061436736
1140,0.61440251,0.21154701876280263
1139,0.6090119700000001,0.21537417131809292
1138,0.60379672,0.2191092505208869
1137,0.60010976,0.22176930994499391
1136,0.59840264,0.2230064991427543
1135,0.59967716,0.22208249189068982
1134,0.60326438,0.2194923170276036
1133,0.60828153,0.2158953703542091
1132,0.6140028399999999,0.21182962007466927
1131,0.6192136699999999,0.20815946456670856
1130,0.62249945,0.20586102794639566
1129,0.6215792299999999,0.2065035058659156
1128,0.6158301199999999,0.2105390737473746
1127,0.6058975600000001,0.2176007964400431
1126,0.5924029399999999,0.22738279481219237
1125,0.57734394,0.23856538832963178
1124,0.5622726,0.25005307949742567
1123,0.55051553,0.25923042510608807
1122,0.54225611,0.2657955457695835
1121,0.53846832,0.26883984269823347
1120,0.54059316,0.2671294536299851
1119,0.54778932,0.2613864392421186
1118,0.5594619000000001,0.25222948408320867
1117,0.57383563,0.2412124894954137
1116,0.5885158100000001,0.2302418656947509
1115,0.6004518,0.22152184893414958
1114,0.6071741,0.21668676225582964
1113,0.60733058,0.2165748509523603
1112,0.6007689700000001,0.2212925069389619
1111,0.58951672,0.22950387284071275
1110,0.57602524,0.2395584864508074
1109,0.56334894,0.24922251851664895
1108,0.55305384,0.2572325879055634
1107,0.54735159,0.26173361599709394
1106,0.54661411,0.26231916185658916
1105,0.55095178,0.25888640948997876
1104,0.55942948,0.2522546515433553
1103,0.57049143,0.2437508752276513
1102,0.58180906,0.2352195201508881
1101,0.5899734,0.22916756885555278
1100,0.5930217,0.2269294145314726
1099,0.5905431800000001,0.22874834165738184
1098,0.58220311,0.23492547898612717
1097,0.56947227,0.24452741869496025
1096,0.55496035,0.25573804460946714
1095,0.54157372,0.2663424180597946
1094,0.53033091,0.27545305956591376
1093,0.5234698600000001,0.2811083187845858
1092,0.52220618,0.2821579928653979
1091,0.52644455,0.27864736597370215
1090,0.5366795799999999,0.27028492877115756
1089,0.55122092,0.25867430839333083
1088,0.56946348,0.24453412223112725
1087,0.58674169,0.23155305258186487
1086,0.60335498,0.21942709831582302
1085,0.61564594,0.21066898022444136
1084,0.6223331799999999,0.20597704377405834
1083,0.62340441,0.20523012982322944
1082,0.61925913,0.20812758170717993
1081,0.6131713,0.21241818086157305
1080,0.60651857,0.21715589764148824
1079,0.60162001,0.22067772745620498
1078,0.59922544,0.2224097570290733
1077,0.60016484,0.22172945083262077
1076,0.6038403999999999,0.21907783382680945
1075,0.60924853,0.2152055100113687
1074,0.61526251,0.210939547119294
1073,0.62145128,0.20659291313099667
1072,0.62669445,0.2029441513907382
1071,0.63053116,0.2002934463126779
1070,0.63374586,0.19808486471585068
1069,0.63649976,0.19620175576632787
1068,0.63943692,0.19420229191580002
1067,0.64264734,0.1920272857195976
1066,0.64546436,0.19012773276650177
1065,0.64701769,0.18908384519782415
1064,0.64691737,0.18915118771578915
1063,0.64387785,0.19119651478710278
1062,0.63770431,0.19538064777220612
1061,0.62945501,0.20103530544013976
1060,0.6190133,0.20830001971242387
1059,0.60962738,0.214935535900932
1058,0.60212051,0.22031657919026723
1057,0.59805495,0.2232589106848358
1056,0.59778277,0.2234566068640893
1055,0.60129919,0.22090938118488052
1054,0.60761809,0.21636930480558714
1053,0.61401359,0.21182201648636778
1052,0.61861093,0.2085824108818991
1051,0.61771944,0.20920873094030742
1050,0.6090905,0.21531817414782026
1049,0.59491161,0.2255475555165638
1048,0.57538368,0.2400424604617862
1047,0.55520345,0.25554784386568824
1046,0.53643543,0.27048254598571164
1045,0.52359769,0.28100227813057554
1044,0.51840105,0.28533412749096576
1043,0.5214473199999999,0.2827895602747312
1042,0.53281355,0.27342473913917753
1041,0.54900383,0.2604246257829433
1040,0.56702607,0.24639697321139023
1039,0.57836372,0.23779895758416206
1038,0.57764097,0.2383420113977139
1037,0.56083593,0.25116417103839866
1036,0.53273999,0.27348470178007783
1035,0.49839705,0.3024245369197399
1034,0.46248984,0.3348978034231152
1033,0.43440458,0.36210560455585417
1032,0.41497531000000004,0.38197774196197903
1031,0.40790078,0.3894454642112898
1030,0.41342066000000005,0.38360782403239035
1029,0.43227855,0.36423631396382017
1028,0.46217469,0.33519384140625585
1027,0.49998857999999996,0.30103991506322786
1026,0.54108305,0.26673607058925747
1025,0.57154528,0.24294935743815246
1024,0.58265724,0.23458685270691906
1023,0.5738900499999999,0.24117130490551617
1022,0.54771131,0.26144829098672334
1021,0.51485026,0.2883190636029036
1020,0.48187957,0.31706148586801114
1019,0.45739159,0.33971182497231983
1018,0.44640004,0.35027577515520325
1017,0.44766835,0.349043609003285
1016,0.46234043,0.3350381274181455
1015,0.48823385,0.31137211357392275
1014,0.52443407,0.28030910200796105
1013,0.5630136499999999,0.24948107575644216
1012,0.59385205,0.22632173998835695
1011,0.61254449,0.21286236237600295
1010,0.61416651,0.21171386897198313
1009,0.6006188,0.22140107805033105
1008,0.57735645,0.2385559780548698
1007,0.55555072,0.2552762852189276
1006,0.53916071,0.2682817634532753
1005,0.53335981,0.2729797125921938
1004,0.5395835,0.2679413391493424
1003,0.5578737300000001,0.25346408882203
1002,0.5847702300000001,0.2330147449349767
1001,0.6158509200000001,0.21052440546081153
1000,0.64286771,0.19187838746140218
999,0.6601338099999999,0.1803680234665557
998,0.66405057,0.1777988461806678
997,0.65581162,0.18322089255050347
996,0.6412649500000001,0.19296249692602088
995,0.62689142,0.20280767412683218
994,0.61669639,0.20992859382708987
993,0.61414724,0.2117274955468985
992,0.61967188,0.20783821118922455
991,0.63155632,0.1995879145075685
990,0.64692551,0.18914572313096614
989,0.6624900499999999,0.17882064005160025
988,0.6737889699999999,0.17147610274543557
987,0.6806931,0.1670486516976097
986,0.68230637,0.1660205741356941
985,0.6793764299999999,0.16788952443464517
984,0.67386003,0.17143030303659046
983,0.66688876,0.17594660228612047
982,0.65862769,0.18136001464838958
981,0.64896344,0.18777976892150441
980,0.63868682,0.19471204589044397
979,0.62785326,0.20214184642028377
978,0.61718117,0.20958733259243356
977,0.60841979,0.21579666814301002
976,0.60358591,0.21926090686972866
975,0.60467609,0.21847720385372493
974,0.6119740300000001,0.2132670073756872
973,0.62390469,0.20488174969025785
972,0.63795775,0.1952080823281234
971,0.6509484799999999,0.1864533827637971
970,0.65754635,0.18207362863324586
969,0.65451242,0.18408210788131196
968,0.6424144900000001,0.19218467187621216
967,0.62334813,0.20526933903704522
966,0.60180693,0.22054281552676094
965,0.58556562,0.23242442970000343
964,0.57676651,0.23899996490522804
963,0.57906548,0.23727232401907475
962,0.59368464,0.22644418713514286
961,0.61806487,0.20896594043782732
960,0.64945656,0.18744989214016608
959,0.67866223,0.16834632018973922
958,0.70045416,0.1546202810926396
957,0.71226213,0.14736014588320978
956,0.71326061,0.1467517593411545
955,0.70777885,0.15010241918583067
954,0.7020746699999999,0.1536166954992516
953,0.70115343,0.15418693708148562
952,0.70741466,0.15032594439243777
951,0.71979176,0.14279312935164634
950,0.73532182,0.13352254654696846
949,0.7481361099999999,0.12601938282479574
948,0.75396527,0.12264865863253012
947,0.7523148399999999,0.12360037129719503
946,0.74569578,0.12743831463752253
945,0.73805004,0.1319141918908654
944,0.7342534999999999,0.1341539746287048
943,0.7367368999999999,0.1326875776474208
942,0.7450909400000001,0.12779071741294745
941,0.75585154,0.12156349773994148
940,0.76487097,0.11641182202719265
939,0.76649958,0.11548807877925037
938,0.75820103,0.12021562992935135
937,0.74203973,0.12957284127374866
936,0.7230362800000001,0.14083991043922425
935,0.7066312,0.15080719100435247
934,0.69829065,0.15596377305362966
933,0.69986137,0.15498797742363138
932,0.7101874499999999,0.14862700655412406
931,0.72538117,0.13943372235805987
930,0.74009484,0.13071262371566392
929,0.74664805,0.12688406480032063
928,0.74136372,0.1299686707873381
927,0.72598408,0.1390729027764339
926,0.7036588899999999,0.15263782110231935
925,0.6817267,0.16638969641434953
924,0.66804867,0.17519189629323542
923,0.6655406700000001,0.1768254004193612
922,0.67459074,0.17095962459731248
921,0.69181118,0.16001242385812084
920,0.71352062,0.1465934717114669
919,0.7322843299999999,0.1353202591409648
918,0.74389223,0.12848997750044663
917,0.7487612,0.12565666835980288
916,0.7496790099999999,0.1251246486427359
915,0.7509982100000001,0.12436109813304733
914,0.756461,0.12121345749062928
913,0.7676468599999999,0.11483852218792355
912,0.78213887,0.10671613041806162
911,0.79589466,0.09914440915692709
910,0.8051092599999999,0.0941451782716358
909,0.8080581499999999,0.09255738512217067
908,0.80535122,0.09401467908219649
907,0.80048494,0.09664683430860649
906,0.79735296,0.0983493892091519
905,0.79863797,0.0976500457952348
904,0.8044681,0.0944911725328186
903,0.8127327200000001,0.09005225553029982
902,0.82093385,0.08569183647057926
901,0.8262806,0.08287244379669123
900,0.82786942,0.08203815916399063
899,0.82713751,0.0824222838334529
898,0.8259338700000001,0.08305472391910278
897,0.8258968900000001,0.08307416926463376
896,0.82745141,0.08225749965309596
895,0.8295594,0.08115251118439212
894,0.83024881,0.08079173820570344
893,0.8279069099999999,0.08201849261865557
892,0.82201408,0.08512074351355646
891,0.8135049,0.08963982682478391
890,0.80379077,0.09485698515702584
889,0.7941504899999999,0.10009719180000787
888,0.78518816,0.10502625783086288
887,0.77618487,0.11003482711977751
886,0.76554921,0.11602688733730925
885,0.7523699399999999,0.12356856446790876
884,0.73734971,0.13232648622310206
883,0.7233955400000001,0.14062417315161813
882,0.71350515,0.14660288784925019
881,0.7091295599999999,0.1492744107228944
880,0.71007786,0.14869402830285103
879,0.7132400400000001,0.14676428430914987
878,0.71366189,0.14650749422613624
877,0.7075267700000001,0.1502571235162717
876,0.69350324,0.15895150559165613
875,0.67346642,0.17168405394585984
874,0.65314869,0.18498793986482764
873,0.6398039099999999,0.19395311016276598
872,0.63769583,0.1953864229279257
871,0.64798187,0.1884371451619785
870,0.66652633,0.17618268983925053
869,0.6856289200000001,0.16391087204821111
868,0.6987019,0.15570807575468268
867,0.7019647299999999,0.15368470831347605
866,0.69624043,0.15724076126418332
865,0.6845670300000001,0.16458402111089357
864,0.6736828199999999,0.17154452771683984
863,0.67037486,0.17368228072622222
862,0.67699022,0.16941760521546495
861,0.6940582999999999,0.15860404783784243
860,0.72764026,0.13808327963037587
859,0.79321241,0.10061049977137508
858,0.85980654,0.06559925580529997
857,0.88243387,0.054317830948867794
856,0.8661627,0.06240052244520536
855,0.8393122599999999,0.07607643301526307
854,0.82673183,0.08263534127963798
853,0.8357367000000001,0.07793052608755645
852,0.85879271,0.06611165079867971
851,0.87560869,0.05768993691644033
850,0.86866283,0.0611487615090696
849,0.83675061,0.07740396236482239
848,0.79590582,0.099138319541452
847,0.76794628,0.11466915902520522
846,0.76711954,0.11513695480308733
845,0.79347507,0.10046671368735219
844,0.83008526,0.08087729793013285
843,0.8485016400000001,0.07134731393291467
842,0.82784613,0.08205037710623825
841,0.76953749,0.11377021754333073
840,0.69422078,0.15850239080251224
839,0.62859794,0.2016270465575394
838,0.5880591,0.23057902509039377
837,0.57536664,0.24005532229261697
836,0.58745245,0.2310272806108712
835,0.61511472,0.21104387996977947
834,0.6476018299999999,0.18869193268305712
833,0.6745997800000001,0.17095380477860145
832,0.68997122,0.1611690241263155
831,0.69451765,0.15831671292103167
830,0.69123256,0.16037581292603292
829,0.68410784,0.16487543245335148
828,0.67714669,0.16931724009376412
827,0.67338411,0.17173713597397466
826,0.67811796,0.16869475315196364
825,0.6975435799999999,0.15642865405826778
824,0.73421357,0.13417759297060827
823,0.78438278,0.10547194921265264
822,0.8372506799999999,0.07714449106175605
821,0.8759447,0.05752331077590982
820,0.88944501,0.050880897036822074
819,0.88323396,0.05392424084102887
818,0.87554884,0.05771962302326593
817,0.88326087,0.05391100914138227
816,0.90902625,0.04142357545179948
815,0.93376297,0.02976335276925142
814,0.92708144,0.032882113332247026
813,0.8785631700000001,0.056227006626157205
812,0.8044832700000001,0.09448298304068907
811,0.7348548300000001,0.13379844697964768
810,0.69339208,0.1590211232102544
809,0.68657783,0.16331022430688097
808,0.7024028099999999,0.15341375968018128
807,0.71422709,0.14616368142636035
806,0.69761456,0.15638446376690465
805,0.65207472,0.1857026364392497
804,0.60369635,0.2191814499203402
803,0.57728648,0.23860861352189847
802,0.58346892,0.23398227283539072
801,0.61425949,0.21164812516486006
800,0.6384952899999999,0.19484230205687667
799,0.61835958,0.20875890647115736
798,0.54917329,0.26029059359059986
797,0.46448031,0.333032691658706
796,0.40321007999999997,0.3944686193361983
795,0.38374576,0.4159564100001671
794,0.41046972,0.38671887489520634
793,0.48010261,0.3186659330528782
792,0.56880517,0.24503646485869207
791,0.62126423,0.2067236506695561
790,0.59649521,0.22439303946877898
789,0.51700905,0.2865018547190915
788,0.44125019000000004,0.3553150945991719
787,0.40543602999999995,0.3920776593556861
786,0.41940436,0.377367059054035
785,0.48296338,0.3160857977512949
784,0.58112706,0.2357289013035056
783,0.6792815799999999,0.1679501619628123
782,0.73316546,0.13479800318164686
781,0.7278486100000001,0.13795894304795647
780,0.69126838,0.16035330816253487
779,0.66203079,0.17912181174437947
778,0.6618710299999999,0.17922662750294635
777,0.69552684,0.15768610616225384
776,0.75583799,0.12157128332039721
775,0.82778333,0.08208332372157158
774,0.89037177,0.05042861813379407
773,0.92131834,0.035590283573487806
772,0.9106904299999999,0.040629227188326775
771,0.87185828,0.05955410361790929
770,0.83273203,0.0794947304242916
769,0.8219582,0.08515026758273128
768,0.8514054400000001,0.06986357925351021
767,0.8989054400000001,0.04628599129918545
766,0.9119616700000001,0.04002341480460473
765,0.85906217,0.06597540530621598
764,0.76506568,0.11630127956907467
763,0.6837693,0.1650904021353588
762,0.65297725,0.18510194946240915
761,0.6789427100000001,0.16816687046260825
760,0.7387183,0.1315211422263713
759,0.7758701600000001,0.11021095079533164
758,0.74449693,0.1281370887604396
757,0.6625333000000001,0.17879228849636303
756,0.5932913,0.22673202009284335
755,0.5788156,0.23745977246900146
754,0.62953651,0.20097907789648714
753,0.7260632,0.1390255745937838
752,0.81183925,0.0905299556716712
751,0.8329776099999999,0.0793666720435542
750,0.7959502,0.09911410379722672
749,0.76034113,0.1189915160910411
748,0.77683727,0.10966994663370745
747,0.84737027,0.07192677729684856
746,0.91306454,0.039498523259556106
745,0.91367266,0.0392093703698124
744,0.85889366,0.0660606030302811
743,0.8100548999999999,0.09148554660395757
742,0.81399958,0.08937581919400452
741,0.86710352,0.06192905075796198
740,0.91110328,0.04043238988568499
739,0.8825405000000001,0.054265355602541115
738,0.79092413,0.10186517453350512
737,0.7043656699999999,0.1522018192193688
736,0.67358125,0.1716100104853522
735,0.7012121,0.15415059839984652
734,0.74651571,0.12696104836156852
733,0.75548607,0.12177353897274715
732,0.70995388,0.1487698629880717
731,0.63882546,0.1946177836463152
730,0.58197291,0.23509723066168076
729,0.55889797,0.25266746780295224
728,0.5654292000000001,0.24762176735088834
727,0.58797461,0.230641427282656
726,0.61460081,0.21140687171013436
725,0.63495031,0.19726026043588604
724,0.63853792,0.1948133067674426
723,0.6218819400000001,0.20629205529812017
722,0.59323793,0.22677108916240984
721,0.5761950499999999,0.2394304769943763
720,0.59914897,0.2224651829440446
719,0.67929935,0.16793880097168773
718,0.7862953400000001,0.10441429818377232
717,0.83949614,0.07598129640568721
716,0.79328708,0.10056961886445757
715,0.70822587,0.1498282134250621
714,0.67611264,0.1699809448049889
713,0.7323942,0.13525510363572743
712,0.84359514,0.07386593092077061
711,0.9123168800000001,0.03985428959632288
710,0.8742135799999999,0.058382451480252624
709,0.78679662,0.1041375144345792
708,0.75893176,0.11979727230977633
707,0.8146160899999999,0.08904701613904258
706,0.86096345,0.06501528501584866
705,0.79261402,0.10093824999982863
704,0.6439876,0.1911224949125821
703,0.52509203,0.27976457351124645
702,0.48627080999999994,0.31312179959984665
701,0.51254592,0.29026721922981824
700,0.54973722,0.25984485809812835
699,0.53764216,0.2695066827789314
698,0.47549787000000004,0.32285142415100115
697,0.41899785,0.3777882055194606
696,0.40756242,0.3898058676956653
695,0.43592206,0.3605911527904065
694,0.46822281,0.3295474329806352
693,0.47174818,0.3262897666637873
692,0.44891204,0.3478387464908826
691,0.42933348000000005,0.36720524333442545
690,0.43554445999999997,0.36096750599013533
689,0.46302616999999996,0.33439446218852714
688,0.48676251,0.3126828781147566
687,0.49536181999999995,0.30507746969670335
686,0.49798195999999995,0.3027863897992425
685,0.5141893000000001,0.2888769650313656
684,0.54660243,0.26232844192026045
683,0.5801217599999999,0.2364808441157721
682,0.6033123,0.219457820435835
681,0.62465205,0.2043618304068781
680,0.6616318800000001,0.17938357695230944
679,0.7186715300000001,0.1434695592740469
678,0.77973891,0.10805079337114536
677,0.82242991,0.08490110370903013
676,0.84455055,0.07337435091353071
675,0.86673035,0.062115995628654025
674,0.8990522900000001,0.046215048424672694
673,0.93710655,0.028211026565539275
672,0.96478334,0.015570204590883473
671,0.95874078,0.01829879953774942
670,0.9087787,0.04154186052926034
669,0.8360238699999999,0.07778132248767163
668,0.7867120900000001,0.10418417564764683
667,0.79898077,0.09746367323092553
666,0.86829106,0.06133467048792303
665,0.9353753399999999,0.029014083906984952
664,0.93034108,0.031357801978169085
663,0.8716483100000001,0.05965870753891429
662,0.83228464,0.07972812029531888
661,0.8577589299999999,0.0666347518733217
660,0.9242110499999999,0.03422884329909656
659,0.95605467,0.019517272786170745
658,0.9227132899999999,0.03493322412479545
657,0.8818676000000001,0.05459661317389431
656,0.88920843,0.05099642869332573
655,0.93568131,0.02887204536014303
654,0.9659325,0.015053221308912568
653,0.95317698,0.020826454764204923
652,0.9270872,0.032879415048863526
651,0.9266289799999999,0.03309412151115588
650,0.94645691,0.023899153676112256
649,0.9529104599999999,0.02094790582006122
648,0.92552285,0.03361285459188799
647,0.88553139,0.0527960394855789
646,0.87012608,0.0604178141847545
645,0.8937004199999999,0.048808037965887535
644,0.92849014,0.032222703842702
643,0.93449608,0.029422516048594558
642,0.90171256,0.044931880972962905
641,0.86362746,0.06367355723998935
640,0.86542505,0.06277053816511863
639,0.91460335,0.038767212222940314
638,0.9532252800000001,0.020804448471072996
637,0.93496847,0.029203034620425415
636,0.8925152,0.0493843788909367
635,0.88964137,0.05078502978071638
634,0.9299742500000001,0.03152907643287282
633,0.96008034,0.017692423461704382
632,0.94854068,0.022944038817833586
631,0.9332688299999999,0.029993238816504085
630,0.94815371,0.023121251276393074
629,0.9559108399999999,0.01958261347890113
628,0.9087630299999999,0.0415493490995851
627,0.84951874,0.07082703634899981
626,0.85168414,0.06972144007937839
625,0.90840862,0.041718753359532575
624,0.92716149,0.032844615253936484
623,0.8682305100000001,0.06136495693105644
622,0.80674482,0.09326381446157035
621,0.8207943600000001,0.08576563642974111
620,0.88923912,0.0509814397804945
619,0.9191303999999999,0.0366228694811709
618,0.88019813,0.055419558440130995
617,0.84288082,0.0742338285489879
616,0.8677473,0.061606728963868644
615,0.92821178,0.032352924220659364
614,0.96230266,0.016688313726070245
613,0.9592422399999999,0.01807170543567809
612,0.9546566799999999,0.020152784216084067
611,0.96587663,0.015078341836954261
610,0.9753054400000001,0.01085935339582506
609,0.96197782,0.016834941228981402
608,0.9301204900000001,0.03146078827120168
607,0.9096940600000001,0.04110464107865862
606,0.9234174799999999,0.034601908650276035
605,0.95496523,0.02001244066131473
604,0.97022444,0.013127789673415324
603,0.95923347,0.018075676049000337
602,0.9468338300000001,0.023726233294869992
601,0.95552695,0.019757059450171206
600,0.97461622,0.01116636517114189
599,0.9771847699999999,0.010023310381064115
598,0.96810609,0.014077047880692596
597,0.9698587399999999,0.013291516152311004
596,0.9813741400000001,0.008165390214153363
595,0.98785831,0.0053053424548535275
594,0.98705933,0.005656742044440495
593,0.98651009,0.005898468436206959
592,0.99026409,0.004248969508656959
591,0.99424532,0.002506444599421198
590,0.9943369599999999,0.002466417343068733
589,0.99389332,0.0026602283005692164
588,0.99434101,0.002464648436611017
587,0.99434162,0.0024643820093490764
586,0.9942267,0.0025145780437663304
585,0.99557134,0.001927614131550887
584,0.9949267,0.0022089141870907975
583,0.99411039,0.0025653871258901123
582,0.99470056,0.00230763755757835
581,0.99473086,0.002294408528750905
580,0.9946070899999999,0.0023484492492776075
579,0.9954723400000001,0.0019708026905721912
578,0.9951349700000001,0.002118011966883501
577,0.9940242499999999,0.002603020519466097
576,0.9945081100000001,0.002391670946898945
575,0.99535665,0.002021277672522291
574,0.99513748,0.0021169165599209433
573,0.9951437,0.002114202057362643
572,0.99483404,0.0022493629967524843
571,0.99499263,0.002180136100692335
570,0.97815014,0.009594478577453049
569,0.9763077880000002,0.010413246311308811
568,0.9789881299999998,0.009222573883023737
567,0.979547408,0.008974540236312289
566,0.9860501400000002,0.006101000909014153
565,0.9737144879999998,0.011568368032473172
564,0.97723698,0.010000107083305471
563,0.990689208,0.004062567936667925
562,0.97464365,0.011154142380509704
561,0.978200638,0.009572058259993983
560,0.97779388,0.009752685307555535
559,0.9779779380000001,0.009670942260385623
558,0.9814479300000001,0.008132736627947536
557,0.9783833279999999,0.009490956441203499
556,0.9774478600000001,0.009906399884247146
555,0.974726208,0.011117356663616353
554,0.9806323000000002,0.008493806092144108
553,0.9770647780000001,0.010076642222528541
552,0.98133615,0.008182202524613743
551,0.9823567479999998,0.007730767251814491
550,0.9815873200000002,0.008071060396780247
549,0.9835469280000001,0.0072049137464444725
548,0.9802285800000001,0.008672639147053652
547,0.9833419779999999,0.007295420794521037
546,0.9908614100000003,0.003987085253680446
545,0.986388458,0.005952018180610541
544,0.98314573,0.007382102672491283
543,0.97711464,0.010054479680786618
542,0.9907390700000002,0.004040710177089423
541,0.9745213100000001,0.011208659661577351
540,0.9782504999999999,0.009549921452137445
539,0.9776715399999999,0.009807026935325576
538,0.9780277999999999,0.009648800411780003
537,0.9813255899999999,0.008186875922617607
536,0.97843319,0.009468823766768102
535,0.97732552,0.009960760750349653
534,0.9747760700000002,0.011095140950707622
533,0.98050996,0.008547990419379052
532,0.97711464,0.010054479680786618
531,0.9812138099999999,0.008236347986454534
530,0.9774066100000002,0.009924728253602555
529,0.9764649799999999,0.010343327660797725
528,0.97859679,0.009396213149525642
527,0.9751062400000002,0.010948064371034008
526,0.9833918400000001,0.007273399724599718
525,0.9854263,0.0063758510397449765
524,0.98643832,0.005930065121474524
523,0.9830233900000002,0.007436148467885083
522,0.9833918400000001,0.007273399724599718
521,0.9907390700000002,0.004040710177089423
520,0.98643832,0.005930065121474524
519,0.9830233900000002,0.007436148467885083
518,0.978198712,0.009572913352459807
517,0.9766818080000002,0.010246901519262825
516,0.9794631534,0.009011897163935337
515,0.9795959799999998,0.008953005772108728
514,0.98642416,0.005936299321705094
513,0.9741895113999999,0.011356550565546656
512,0.9772855520000001,0.009978521707609857
511,0.9910632279999999,0.003898637446563031
510,0.9751186734000001,0.010942526797419576
509,0.9882492099999999,0.005133524157041237
508,0.9881679000000001,0.005169257994969183
507,0.9784529613999999,0.009460047977830515
506,0.9814965020000003,0.008111243863062795
505,0.978757348,0.009324964465163314
504,0.9779228833999999,0.009695391259770657
503,0.9747747800000001,0.011095715688095694
502,0.9810063200000001,0.00832819472781465
501,0.9775398014000001,0.009865550887093566
500,0.9813847219999999,0.008160707311636463
499,0.9777307680000001,0.009780717880174213
498,0.9770623434,0.010077724376636257
497,0.9785955,0.009396785642974075
496,0.9756026000000003,0.010727050953480784
495,0.9748170013999997,0.011076905061978079
494,0.9780999999999997,0.009616741093766538
493,0.9777624779999999,0.009766632965229668
492,0.9746207534,0.011164345067243689
491,0.9781632119999998,0.009588674704099503
490,0.98211309,0.007838500466514166
489,0.9759963333999998,0.010551813877507513
488,0.979299072,0.009084657038355617
487,0.9790455599999999,0.009197097781943098
486,0.9795028233999998,0.008994307821084653
485,0.9723741619999998,0.01216658978130245
484,0.97880721,0.009302840248239942
483,0.9778005433999999,0.009749725718577322
482,0.9748246420000001,0.011073501082144312
481,0.9808839800000001,0.008382358395360088
480,0.9775896634,0.00984339911469058
479,0.981262382,0.008214850093470775
478,0.9777806299999999,0.009758570434259645
477,0.9769400033999999,0.010132106693087952
476,0.9786453620000002,0.00937465776706276
475,0.9754802600000002,0.010781514644464902
474,0.9838668634,0.007063666205517806
473,0.9856000000000001,0.0062993051796496995
472,0.9868123400000001,0.005765428334714979
471,0.9834984134000001,0.007226336356927886
470,0.9834404120000002,0.0072519494442742066
469,0.9911130899999999,0.003876787935735374
468,0.9869133433999999,0.0057209791798191155
467,0.9830719619999999,0.007414690147913239
466,0.981748182,0.00799989428275335
465,0.9792822333999999,0.009092124597698746
464,0.9778491154,0.009728152783481861
463,0.9751986619999999,0.010906903253513135
462,0.9813590033999999,0.008172088773126694
461,0.9776382353999999,0.00982182152612172
460,0.9816364020000001,0.008049345050203759
459,0.9782556534,0.009547633605325222
458,0.9769885754,0.010110514755892029
457,0.9790193820000002,0.009208710227173034
456,0.9759552834000002,0.010570080506998905
455,0.9799154353999999,0.00881140137259054
454,0.977161662,0.010033580491546002
453,0.9732873634000001,0.011758915216295686
452,0.9795469853999998,0.008974727601299618
451,0.9798144319999998,0.00885616797031611
450,0.9875881134000001,0.005424145872400831
449,0.9829619154,0.007463308466988486
448,0.979445982,0.009019511038547473
447,0.9790233900000002,0.009206932275936868
446,0.9782232054,0.009562039063668626
445,0.9793308054000001,0.009070584302437222
444,0.9782231353999998,0.009562070141049237
443,0.9756736854,0.01069540807726854
442,0.9814075754,0.008150594060706796
441,0.9780122554,0.009655703065930504
440,0.9821114253999998,0.007839236560162303
439,0.9833042254,0.00731209460787002
438,0.9823625953999999,0.007728182156327892
437,0.9844944053999999,0.006786747490121136
436,0.9810038554,0.008329285815102122
435,0.9842894554,0.006877167425147796
434,0.9916366854,0.0036474149698905466
433,0.9873359354000002,0.005535055975013761
432,0.9839210053999998,0.007039767723147934
431,0.9842894554,0.006877167425147796
430,0.9916366854,0.0036474149698905466
429,0.9873359354000002,0.005535055975013761
428,0.9839210053999998,0.007039767723147934
427,0.981374162,0.008165380478336943
426,0.98380721,0.007089998963371247
425,0.9828005433999999,0.007534612066238161
424,0.9798246420000001,0.008851642497519406
423,0.9780156,0.009654217871003299
422,0.9775896634,0.00984339911469058
421,0.9773625953999999,0.009944285854421838
420,0.9794944054,0.00899804023162089
419,0.9760038553999999,0.010548466784498325
418,0.9842894554,0.006877167425147796
417,0.9830455600000002,0.0074263539907745806
416,0.9835028233999998,0.007224388987877731
415,0.9957390700000001,0.001854452043655289
414,0.9795213099999998,0.008986111262162816
413,0.9832505,0.007335824071853354
412,0.9826715399999999,0.007591621743781167
411,0.89859148,0.046437703488962076
410,0.17670349,0.7527548728318105
409,0.0024080799999999995,2.618329089265779
408,0.00018211999999999975,3.7396423583638483
407,9.309999999999984e-06,5.031050319018658
406,3.449999999999996e-06,5.4621809049267265
405,9.62620264627411e-07,6.016545
404,3.7899999999999967e-06,5.421360790031928
403,2.6999999999999953e-07,6.568636235841013
402,5.1199999999999866e-06,5.2907300390241705
401,0.0002540699999999999,3.595046612413756
400,0.0017886299999999985,2.7474794892690704
399,0.22507495999999994,0.6476728183656348
398,0.9144974,0.03881752492486132
397,0.98050996,0.008547990419379052
396,0.9838036,0.0070915925743350846
395,0.9828299799999999,0.00752160437960046
394,0.9830548899999998,0.007422232159139775
393,0.9764649799999999,0.010343327660797725
392,0.97859679,0.009396213149525642
391,0.9751062400000002,0.010948064371034008
390,0.98041768,0.008588865660262129
389,0.97416118,0.01136918091052483
388,0.9782504999999999,0.009549921452137445
387,0.9776715399999999,0.009807026935325576
386,0.9780277999999999,0.009648800411780003
385,0.9763576500000001,0.010391066586057462
384,0.9788657900000001,0.009276849216277507
383,0.97959727,0.008952433863358306
382,0.9859278,0.006154887502678892
381,0.9737643500000001,0.011546129237330493
380,0.97711464,0.010054479680786618
379,0.9907390700000002,0.004040710177089423
378,0.9745213100000001,0.011208659661577351
377,0.9782504999999999,0.009549921452137445
376,0.9776715399999999,0.009807026935325576
375,0.9780277999999999,0.009648800411780003
374,0.9813255899999999,0.008186875922617607
373,0.97843319,0.009468823766768102
372,0.97732552,0.009960760750349653
371,0.9747760700000002,0.011095140950707622
370,0.98050996,0.008547990419379052
369,0.97711464,0.010054479680786618
368,0.9812138099999999,0.008236347986454534
367,0.9774066100000002,0.009924728253602555
366,0.9764649799999999,0.010343327660797725
365,0.97859679,0.009396213149525642
364,0.9751062400000002,0.010948064371034008
363,0.9833918400000001,0.007273399724599718
362,0.9907390700000002,0.004040710177089423
361,0.98643832,0.005930065121474524
360,0.9830233900000002,0.007436148467885083
359,0.9766176,0.01027545339409569
358,0.9767973499999999,0.010195527279736414
357,0.97415252,0.011373041675055004
356,0.9647276499999999,0.015595274009849499
355,0.9478001,0.023283249815298904
354,0.9190662,0.036653205415585595
353,0.8750704399999999,0.057956986438245
352,0.81676054,0.08790525240281105
351,0.7497910400000001,0.12505975370082195
350,0.68559591,0.1639317819100176
349,0.6575174300000001,0.18209273005875787
348,0.67962046,0.16773355515415925
347,0.71723004,0.14434152901919228
346,0.73288405,0.1349647298997008
345,0.7268524399999999,0.13855374732291592
344,0.72440404,0.14001913629169768
343,0.7242270000000001,0.14012528822871392
342,0.70307261,0.15299982079251212
341,0.6661167100000001,0.17644967162798164
340,0.63122375,0.1998166690193274
339,0.59442098,0.22590587061788162
338,0.54210263,0.26591848574335564
337,0.48970379,0.3100665348020453
336,0.46063052,0.3366472903655552
335,0.44589044,0.35077183893039965
334,0.421674,0.3750231763259914
333,0.37760204,0.42296566808596575
332,0.33074925,0.4805011319363215
331,0.30259474000000003,0.5191386255819314
330,0.28815815,0.5403690927233572
329,0.27426065,0.5618364990443059
328,0.25280841,0.5972084827795223
327,0.22579683,0.6462821595021561
326,0.19921949000000003,0.7006681760257985
325,0.17814809,0.7492188295403422
324,0.16533578,0.7816331514191609
323,0.15377169999999998,0.8131235843313217
322,0.14160588000000002,0.8489187127582954
321,0.13592337000000002,0.8667058663766475
320,0.14765718,0.8307454301173588
319,0.16955567,0.7706876826860167
318,0.17993231999999998,0.7448908203289955
317,0.17231041000000002,0.763688484194529
316,0.15596393,0.8069758299356427
315,0.14201427,0.8476680142727112
314,0.13304563,0.8759993856601619
313,0.11894121,0.9246676476960811
312,0.10041992000000001,0.9981801289442689
311,0.08939474,1.0486880344052052
310,0.07866983,1.1041917883098533
309,0.055210850000000006,1.2579755666170076
308,0.02886776,1.539586913984938
307,0.01327552,1.8769484586677658
306,0.00657296,2.1822390106273053
305,0.0027313199999999998,2.5636274151686456
304,0.00058151,3.2354428124789947
303,5.988e-05,4.222718208328986
302,2.994e-05,4.523748203992967
301,2.994e-05,4.523748203992967
300,1.679e-05,4.774949303861951
299,3.719e-05,4.429573821641028
298,7.087e-05,4.149537567238483
297,1.2e-06,5.920818753952375
296,3.968e-05,4.401428336517859
295,4.81e-06,5.317854923626168
294,9.63e-06,5.016373712875465
293,4.095e-05,4.387746093903563
292,4.8219999999999996e-05,4.316772793958565
291,2.654e-05,4.576099081471583
290,4.103e-05,4.386898483033088
289,2.4100000000000002e-06,5.617982957425132
288,2.778e-05,4.556267758598403
287,4.2310000000000007e-05,4.3735569746687055
286,7.382e-05,4.131825959140362
285,6.06e-06,5.217527375833714
284,4.6030000000000005e-05,4.336959025106026
283,1.21e-06,5.91721462968355
282,1.092e-05,4.961777361631282
281,4.489e-05,4.347850394598347
280,6.924e-05,4.159642940796644
279,1.702e-05,4.769040444251431
278,6.565e-05,4.182765269574502
277,2.43e-06,5.614393726401688
276,2.191e-05,4.659357622439295
275,4.14e-05,4.382999658879101
274,7.434e-05,4.128777443240293
273,2.44e-06,5.61261017366127
272,4.512e-05,4.345630909024714
271,4.88e-06,5.311580177997289
270,1.464e-05,4.8344589232776265
269,5.005e-05,4.300595918184663
268,7.329999999999999e-05,4.134896025358872
267,9.77e-06,5.0101054362812265
266,1.71e-05,4.767003889607846
265,1.955e-05,4.708853238268114
264,1.467e-05,4.833569886156718
263,5.381e-05,4.269137007953506
262,6.854e-05,4.164055899906152
261,2.204e-05,4.656788409820253
260,5.5100000000000004e-05,4.258848401148215
259,1.47e-05,4.8326826652518236
258,6.130000000000001e-06,5.212539525481585
257,6.258e-05,4.203564441189825
256,4.667e-05,4.330962199114844
255,5.287e-05,4.276790689594889
254,5.414000000000001e-05,4.266481748565512
253,1.724e-05,4.763462738511306
252,1.602e-05,4.795337488251781
251,5.674e-05,4.246110668540166
250,5.0629999999999995e-05,4.295592072613159
249,3.3379999999999996e-05,4.476513667656772
248,5.687e-05,4.245116771747832
247,1.238e-05,4.907279355315901
246,1.24e-06,5.906578314837765
245,6.0679999999999995e-05,4.216954427885307
244,5.206e-05,4.283495836226783
243,2.976e-05,4.526367073126159
242,4.8339999999999995e-05,4.315693353928369
241,1.6119999999999998e-05,4.792634962530928
240,1.363e-05,4.865504144165326
239,5.7e-05,4.2441251443275085
238,5.455e-05,4.263205245075639
237,5.4539999999999996e-05,4.263284866394389
236,4.708e-05,4.327163545828603
235,2.2300000000000003e-05,4.651695136951839
234,1.363e-05,4.865504144165326
233,6.198e-05,4.207748428096735
232,5.9560000000000006e-05,4.225045310919861
231,3.601e-05,4.443576878628715
230,5.591e-05,4.252510507741327
229,2.239e-05,4.64994590642097
228,1.869e-05,4.728390698621168
227,6.612e-05,4.17966715510059
226,4.625e-05,4.334888262924949
225,2.7550000000000002e-05,4.559878396812196
224,5.642999999999999e-05,4.248489949729959
223,2.0110000000000002e-05,4.696587929403258
222,2.141e-05,4.669383332705562
221,5.929e-05,4.227018549655036
220,6.701999999999999e-05,4.173795576500748
219,1.774e-05,4.751046384504292
218,5.71e-05,4.243363891754152
217,1.2719999999999998e-05,4.895512888687605
216,2.9299999999999997e-05,4.533132379645891
215,4.977e-05,4.303032359255977
214,5.628e-05,4.249645911237292
213,5.253e-05,4.279592599196891
212,6.031e-05,4.219610671529047
211,1.2849999999999999e-05,4.891096872332687
210,2.833e-05,4.547753425479563
209,6.324e-05,4.199008138739829
208,8.408000000000001e-05,4.0753072969798145
207,2.981e-05,4.525638023967369
206,7.009e-05,4.154343940016456
205,2.7309999999999998e-05,4.563678299860267
204,3.777e-05,4.422853015172475
203,7.436e-05,4.128660618900139
202,9.282999999999999e-05,4.0323116495466875
201,7.596999999999999e-05,4.119357873595715
200,0.00010627,3.973589319421226
